id,cjPid,name,supplierSource,categoryId,categoryName,categoryParent,dateAdded,matchReason
559603,2407010403061612800,Sex Track Assembling Children's Block Pipe Ball Building Piece Toy,CJ,F18491A9-2F33-4D85-A154-78EE4CD2AD33,Action & Toy Figures,Toys & Hobbies,Mon Jul 27 2026 05:10:47 GMT+0530 (India Standard Time),product-name-match
560007,1783005306612625408,Crystal Transparent Airplane Bottle Men's Trainer Comfortable And Sex Product,CJ,F18491A9-2F33-4D85-A154-78EE4CD2AD33,Action & Toy Figures,Toys & Hobbies,Mon Jul 27 2026 05:11:15 GMT+0530 (India Standard Time),product-name-match
997695,1365832135289737216,Sexual Positions A Year Of Sex Adult Full English Sex Pose Card,CJ,F18491A9-2F33-4D85-A154-78EE4CD2AD33,Action & Toy Figures,Toys & Hobbies,Sat Aug 15 2026 08:04:50 GMT+0530 (India Standard Time),product-name-match
509222,2043932722137112577,Repair subsidy-Heel for opposite sex-6 pieces-1 pack,CJ,2502190501141602700,Bag Accessories,Women's Luggage & Bags,Mon Jul 27 2026 03:05:07 GMT+0530 (India Standard Time),product-name-match
188664,2407230507571615600,Sexy Sex Product Women's Products Open After Entering,CJ,496E6FFC-4BC4-4CA6-8225-5BC0D56E8E11,Bedding Sets,Home Textiles,Thu Jul 23 2026 03:21:47 GMT+0530 (India Standard Time),product-name-match
791869,E1C30166-AD33-41C2-80CF-F27ED2BB6D51,European and American sex appeal tight knit dressshows thin package buttock skirt female,CJ,07398ADB-FC5E-4CC4-AD00-EB230E779E88,Blazers,Outerwear & Jackets,Thu Aug 13 2026 15:36:30 GMT+0530 (India Standard Time),product-name-match
1047985,1719613600458870784,Second Generation And Third Generation Men's Increasing Cream Crocodile Skin care lotion For Sex,CJ,E0238E88-0C63-427F-812E-BA1FCE4C67B4,Body Care,Skin Care,Sat Aug 15 2026 09:20:19 GMT+0530 (India Standard Time),product-name-match
345455,1435850645042237440,Sexual Fashion Trendy Men And Women Thai Silver Pendant Jewelry,CJ,633E1860-7C63-4006-AB35-3FC16BECFA62,Body Jewelry,Fashion Jewelry,Sat Jul 25 2026 08:36:13 GMT+0530 (India Standard Time),product-name-match
346016,1411599205297950720,Sexual Geometric Tassel Pendant Clothes Chain,CJ,633E1860-7C63-4006-AB35-3FC16BECFA62,Body Jewelry,Fashion Jewelry,Sat Jul 25 2026 08:36:45 GMT+0530 (India Standard Time),product-name-match
346090,1410413972183715840,Stitching Necklace Sex Cold Wind Fringe Accessories,CJ,633E1860-7C63-4006-AB35-3FC16BECFA62,Body Jewelry,Fashion Jewelry,Sat Jul 25 2026 08:36:52 GMT+0530 (India Standard Time),product-name-match
718572,2505270824071604300,New Baroque Opposite-sex Pearl Fashion Bracelet,CJ,0615F8DB-C10F-4BEF-892B-1C5B04268938,Bracelets & Bangles,Fashion Jewelry,Thu Aug 13 2026 14:50:58 GMT+0530 (India Standard Time),product-name-match
722801,1384743202367606784,Sexual Popular Five-pointed Star Sequined Star Clavicle Chain,CJ,0615F8DB-C10F-4BEF-892B-1C5B04268938,Bracelets & Bangles,Fashion Jewelry,Thu Aug 13 2026 15:02:35 GMT+0530 (India Standard Time),product-name-match
724494,4C485426-DC09-4260-9B31-067A9A341CA6,Same Sex Seven Color Rainbow Color Braided Hand Rope Bracelet,CJ,0615F8DB-C10F-4BEF-892B-1C5B04268938,Bracelets & Bangles,Fashion Jewelry,Thu Aug 13 2026 15:07:00 GMT+0530 (India Standard Time),product-name-match
329009,5F382965-36D4-4E67-B840-9ECFC13BF14D,Sex wild violin brooch,CJ,1363024200339689472,Brooches,Fashion Jewelry,Fri Jul 24 2026 18:30:52 GMT+0530 (India Standard Time),product-name-match
329090,11C72981-0B7E-4C56-8BC5-198C0E1D7FE0,High-end vintage diamond-set sex needle,CJ,1363024200339689472,Brooches,Fashion Jewelry,Fri Jul 24 2026 18:31:00 GMT+0530 (India Standard Time),product-name-match
988718,0E37FCAD-8E8D-40D5-B06C-A72B5D6919A4,Sex trend mug with lid and spoon large capacity,CJ,CF330457-0E5B-4FAF-9BAE-7D2C247BD8DE,Drinkware,"Kitchen, Dining & Bar",Sat Aug 15 2026 07:45:22 GMT+0530 (India Standard Time),product-name-match
638594,1371446981003710464,"Compatible with Apple , Sex Chocolate Earphone Cover Apple Wireless Bluetooth Silicone Anti-Drop Soft Shell",CJ,DAECCC3B-13D8-4978-86A8-61D3DF186134,Earphones & Headphones,Portable Audio & Video,Tue Jul 28 2026 14:58:53 GMT+0530 (India Standard Time),product-name-match
1000687,2508290811011605400,Sex Carved Vintage Wood Piece Water Drop Earrings,CJ,D28405AE-66C6-42E6-BFF0-D6FDCB5C083C,Earrings,Fashion Jewelry,Sat Aug 15 2026 08:06:04 GMT+0530 (India Standard Time),product-name-match
1009197,1427116102328127488,Female Sex Exaggerated Color Diamond Long Earrings,CJ,D28405AE-66C6-42E6-BFF0-D6FDCB5C083C,Earrings,Fashion Jewelry,Sat Aug 15 2026 08:08:50 GMT+0530 (India Standard Time),product-name-match
1012112,1658843971189215232,Design Sense Of Cold Sex Colorful Geometric Rhinestone Tassel Earrings,CJ,D28405AE-66C6-42E6-BFF0-D6FDCB5C083C,Earrings,Fashion Jewelry,Sat Aug 15 2026 08:10:28 GMT+0530 (India Standard Time),product-name-match
1013419,1425711411136434176,Sexual Long Ear Hook Earrings Blue Turquoise Inlaid Earrings,CJ,D28405AE-66C6-42E6-BFF0-D6FDCB5C083C,Earrings,Fashion Jewelry,Sat Aug 15 2026 08:11:13 GMT+0530 (India Standard Time),product-name-match
1017600,1452109565796683776,Titanium Steel Cross Earrings Sex Punk,CJ,D28405AE-66C6-42E6-BFF0-D6FDCB5C083C,Earrings,Fashion Jewelry,Sat Aug 15 2026 08:12:40 GMT+0530 (India Standard Time),product-name-match
1022194,1776121701768634368,Women's Vintage Opposite-sex Pearl Earrings,CJ,D28405AE-66C6-42E6-BFF0-D6FDCB5C083C,Earrings,Fashion Jewelry,Sat Aug 15 2026 08:14:00 GMT+0530 (India Standard Time),product-name-match
1028311,1427505104147320832,Sex Bee Shape Stainless Steel 14K Gold Color Retention,CJ,D28405AE-66C6-42E6-BFF0-D6FDCB5C083C,Earrings,Fashion Jewelry,Sat Aug 15 2026 08:17:20 GMT+0530 (India Standard Time),product-name-match
216017,12AA0BE8-ACCE-4DCD-9083-2F9E224AD242,Mat ceiling sex swing,CJ,C329460A-9074-4E42-B1FD-D9E91568A64B,Event & Party Supplies,Festive & Party Supplies,Thu Jul 23 2026 03:56:00 GMT+0530 (India Standard Time),product-name-match
877181,1360512622214123520,Sexual Laser Sequin Spaceship Rocket Crossbody Bag,CJ,78BCE010-8E22-416F-82E2-6E5C6AE0CECE,Fashion Backpacks,Women's Luggage & Bags,Fri Aug 14 2026 03:38:51 GMT+0530 (India Standard Time),product-name-match
350904,1412982491677069312,Rhinestone Claw Chain Tassel Body Chain Suit Sex,CJ,89D165E3-EF5F-461D-9DC9-D1041CECEF09,Fashion Jewelry Sets,Fashion Jewelry,Sat Jul 25 2026 08:42:01 GMT+0530 (India Standard Time),product-name-match
597646,1380830469549068288,Factory Direct Sales Cross-Border Hot Sale New Product Yoga Ball Cover Health Ball Chair Pregnant Woman Childbirth Ball Sex Ball Stool Protective Cover,CJ,C20B25A2-348C-48C8-A2C8-FE33749A40DE,Fitness & Bodybuilding,Other Sports Equipment,Tue Jul 28 2026 14:10:44 GMT+0530 (India Standard Time),product-name-match
794009,2084551274557636609,"Sex Pillow Couples Sex Toys, 27° Ergonomic Memory Foam Support Pillow, Contoured Lounger Cushion for Back & Lumbar Support, Multi-Functional Comfort Pillow Grey",CJ,2410301014451618100,Furniture,Home Storage,Thu Aug 13 2026 15:37:49 GMT+0530 (India Standard Time),product-name-match
794019,2084551395089350658,"Sex Pillow Couples Sex Toys, 27° Ergonomic Memory Foam Support Pillow, Contoured Lounger Cushion for Back & Lumbar Support, Multi-Functional Comfort Pillow (Grey)",CJ,2410301014451618100,Furniture,Home Storage,Thu Aug 13 2026 15:37:49 GMT+0530 (India Standard Time),product-name-match
794025,2084551748203610114,"Sex Pillow Couples Sex Toys, 27° Ergonomic Memory Foam Support Pillow, Contoured Lounger Cushion for Back & Lumbar Support, Multi-Functional Comfort Pillow( Green grey)",CJ,2410301014451618100,Furniture,Home Storage,Thu Aug 13 2026 15:37:50 GMT+0530 (India Standard Time),product-name-match
794026,2084551516086632450,"Sex Pillow Couples Sex Toys, 27° Ergonomic Memory Foam Support Pillow, Contoured Lounger Cushion for Back & Lumbar Support, Multi-Functional Comfort Pillow(Black)",CJ,2410301014451618100,Furniture,Home Storage,Thu Aug 13 2026 15:37:50 GMT+0530 (India Standard Time),product-name-match
794027,2084551631018950657,"Sex Pillow Couples Sex Toys, 27° Ergonomic Memory Foam Support Pillow, Contoured Lounger Cushion for Back & Lumbar Support, Multi-Functional Comfort Pillow(Grey)",CJ,2410301014451618100,Furniture,Home Storage,Thu Aug 13 2026 15:37:50 GMT+0530 (India Standard Time),product-name-match
794028,2084551991439687681,"Memory Foam Ergonomic Wedge PillSex Pillow Couples Sex Toys, 27° Ergonomic Memory Foam Support Pillow, Contoured Lounger Cushion for Back & Lumbar Support, Multi-Functional Comfort Pillow(Dark grey)",CJ,2410301014451618100,Furniture,Home Storage,Thu Aug 13 2026 15:37:50 GMT+0530 (India Standard Time),product-name-match
436558,DC9714DD-438E-4A6B-8D6C-6EF470A66BD9,Sexual Trend Loose-Footed Trousers Fake Two-Piece Ninth Pants,CJ,B97A0CAD-6160-485B-A3FD-04EE4493A442,Harem Pants,Bottoms,Sun Jul 26 2026 08:47:16 GMT+0530 (India Standard Time),product-name-match
1096041,2020073397126193153,"Sex Toys For Man Realistic Massager Adjustable Massage Intensity, Ergonomic Design, Easy Cleaning - Male Masturbators",CJ,87CF251F-8D11-4DE0-A154-9694D9858EB3,Home Office Storage,Home Storage,Sun Aug 16 2026 11:04:38 GMT+0530 (India Standard Time),product-name-match
1126922,1367397395394072576,Sex Waterproof Sheets Passionate Push Oil Wet Body Spray Waterproof Urine Waterproof Pad,CJ,87CF251F-8D11-4DE0-A154-9694D9858EB3,Home Office Storage,Home Storage,Sun Aug 16 2026 11:32:26 GMT+0530 (India Standard Time),product-name-match
1161425,1364841517130321920,Sex Teens Stickers Kids Trending Room Decoration,CJ,87CF251F-8D11-4DE0-A154-9694D9858EB3,Home Office Storage,Home Storage,Sun Aug 16 2026 12:21:46 GMT+0530 (India Standard Time),product-name-match
1171574,2406090702091604400,Talent Men's Massage Essential Oil Sex Product Dropshipping Genuine Goods Guarantee,CJ,87CF251F-8D11-4DE0-A154-9694D9858EB3,Home Office Storage,Home Storage,Sun Aug 16 2026 12:31:36 GMT+0530 (India Standard Time),product-name-match
1178125,AF37BF32-86B0-4B25-80D6-FA20F2014113,Sex of baby: self adhesive adhesive paper,CJ,87CF251F-8D11-4DE0-A154-9694D9858EB3,Home Office Storage,Home Storage,Sun Aug 16 2026 12:37:37 GMT+0530 (India Standard Time),product-name-match
1178627,2504081031571616900,Triangle Inflatable Pillow Couple's Room Cushion High Pregnant Sex Hip Padded Pillow,CJ,87CF251F-8D11-4DE0-A154-9694D9858EB3,Home Office Storage,Home Storage,Sun Aug 16 2026 12:38:07 GMT+0530 (India Standard Time),product-name-match
1194313,1674678962104045568,Full English Bedroom Command Couple Game Sex Posture Card,CJ,87CF251F-8D11-4DE0-A154-9694D9858EB3,Home Office Storage,Home Storage,Sun Aug 16 2026 12:52:58 GMT+0530 (India Standard Time),product-name-match
445592,2511020921201632200,Sex Black And Red Ice Hockey Clothing Loose Design,CJ,2502140308291606200,Men's Long-Sleeved,T-Shirts,Sun Jul 26 2026 08:56:32 GMT+0530 (India Standard Time),product-name-match
273708,2077567482053300225,"24 Pieces Of Short-style Red Pure-sexual Pressing-type Nail Pure-color Toe Nail Stickers, Including 1 Piece Of Jelly Glue And 1 Nail File. This Is A Nail Art Set For Wearing Nails.",CJ,EADB666A-12A5-4FA1-AD1F-BC351A7E7AF5,Nail Art Kits,Nail Art & Tools,Fri Jul 24 2026 13:45:14 GMT+0530 (India Standard Time),product-name-match
273766,2074039793912274945,Upgrade Your Look 24-piece Short Square Ice-transparent Gradient Pure-sex Design Full-cover Nail Covers Are Suitable For Women And Girls.,CJ,EADB666A-12A5-4FA1-AD1F-BC351A7E7AF5,Nail Art Kits,Nail Art & Tools,Fri Jul 24 2026 13:45:16 GMT+0530 (India Standard Time),product-name-match
911429,1389490109270855680,Sexual Exaggeration Sweater Chain Pendant Clavicle Chain,CJ,95D9F317-1DB3-4E42-A031-02223215B9C5,Necklace & Pendants,Fashion Jewelry,Fri Aug 14 2026 04:11:16 GMT+0530 (India Standard Time),product-name-match
919547,1375025318024318976,Exaggerated Sex Pin Pearl Necklace Female,CJ,95D9F317-1DB3-4E42-A031-02223215B9C5,Necklace & Pendants,Fashion Jewelry,Fri Aug 14 2026 04:15:55 GMT+0530 (India Standard Time),product-name-match
929121,2502050812181606200,Plating Color Opposite-sex Crystal Non-fading Necklace,CJ,95D9F317-1DB3-4E42-A031-02223215B9C5,Necklace & Pendants,Fashion Jewelry,Fri Aug 14 2026 04:24:10 GMT+0530 (India Standard Time),product-name-match
930961,1455743605808435200,Sexual Vintage Bridal Wedding Jewelry,CJ,95D9F317-1DB3-4E42-A031-02223215B9C5,Necklace & Pendants,Fashion Jewelry,Fri Aug 14 2026 04:26:09 GMT+0530 (India Standard Time),product-name-match
931236,1420640395511074816,Exaggerated Zircon Gemstone Rhinestone Opposite Sex OT Buckle Necklace,CJ,95D9F317-1DB3-4E42-A031-02223215B9C5,Necklace & Pendants,Fashion Jewelry,Fri Aug 14 2026 04:26:43 GMT+0530 (India Standard Time),product-name-match
933961,1450378542662684672,Rainbow Jewelry Two Piece Titanium Steel Rainbow Same-Sex Jewelry,CJ,95D9F317-1DB3-4E42-A031-02223215B9C5,Necklace & Pendants,Fashion Jewelry,Fri Aug 14 2026 04:30:22 GMT+0530 (India Standard Time),product-name-match
934414,1386526007640592384,Israeli Niche Necklace Female Clavicle Chain Ins Sex Cold Wind,CJ,95D9F317-1DB3-4E42-A031-02223215B9C5,Necklace & Pendants,Fashion Jewelry,Fri Aug 14 2026 04:31:14 GMT+0530 (India Standard Time),product-name-match
934529,1358695842302791680,Retro Lock Pendant Sex Street Hip Hop Necklace,CJ,95D9F317-1DB3-4E42-A031-02223215B9C5,Necklace & Pendants,Fashion Jewelry,Fri Aug 14 2026 04:31:30 GMT+0530 (India Standard Time),product-name-match
935894,1657801087585357824,All-match Opposite-sex Pendant Beaded Clavicle Chain Niche Temperament Necklace,CJ,95D9F317-1DB3-4E42-A031-02223215B9C5,Necklace & Pendants,Fashion Jewelry,Fri Aug 14 2026 04:34:09 GMT+0530 (India Standard Time),product-name-match
939090,1539437031523364864,Six Color Rainbow Circle Geometric Same-sex Couple LGBT,CJ,95D9F317-1DB3-4E42-A031-02223215B9C5,Necklace & Pendants,Fashion Jewelry,Fri Aug 14 2026 04:39:03 GMT+0530 (India Standard Time),product-name-match
210559,9FC8C6EF-DCBB-4715-9D20-37645D2D0A50,Small dot veil lace cat ears headband sex accessories,CJ,9F52617D-F420-4FA7-8F25-53A9577A9111,Party Masks,Festive & Party Supplies,Thu Jul 23 2026 03:49:45 GMT+0530 (India Standard Time),product-name-match
950336,1729024963258097664,European And American Christmas Is Like Sex T-shirt Digital Printing,CJ,BE11EEDB-B765-4A39-8A3D-F6015FC7A846,Print,T-Shirts,Fri Aug 14 2026 05:16:50 GMT+0530 (India Standard Time),product-name-match
864905,0600D34B-C808-4BC6-87B8-98F25EC10C27,New thick-heeled buckle color sex sandals,CJ,638284D0-3651-4FC9-9F25-B0A0BA323D83,Pumps,Women's Shoes,Fri Aug 14 2026 03:29:00 GMT+0530 (India Standard Time),product-name-match
376230,256B2486-9A22-4983-A43C-A4D3F4782E4C,Sexual fashion hollow luminous water watch,CJ,1987B0AD-8C6A-4D02-B5B2-5D94E83B069F,Quartz Watches,Men's Watches,Sat Jul 25 2026 09:09:07 GMT+0530 (India Standard Time),product-name-match
850002,1407238079483351040,Vintage Sex Heart Angel Wings Ring Ladies Ring,CJ,56B4F8B6-8600-4A18-913E-53F2F693EC2C,Rings,Fashion Jewelry,Fri Aug 14 2026 03:18:04 GMT+0530 (India Standard Time),product-name-match
855819,1427174376075300864,Fashionable Temperament Full Diamond Ring A Sex Heart Pearl 9-piece,CJ,56B4F8B6-8600-4A18-913E-53F2F693EC2C,Rings,Fashion Jewelry,Fri Aug 14 2026 03:21:12 GMT+0530 (India Standard Time),product-name-match
855823,1427181922026655744,Sexual Female Ins Wind Flower Wave Sapphire 10-piece Ring,CJ,56B4F8B6-8600-4A18-913E-53F2F693EC2C,Rings,Fashion Jewelry,Fri Aug 14 2026 03:21:12 GMT+0530 (India Standard Time),product-name-match
870645,1384304617646592000,Sex Mesh Belt Braided M Tassel Chain,CJ,56B4F8B6-8600-4A18-913E-53F2F693EC2C,Rings,Fashion Jewelry,Fri Aug 14 2026 03:34:45 GMT+0530 (India Standard Time),product-name-match
883544,1374598305346097152,Sex Index Finger Ring Subnet Celebrity Niche Design Simple Cold wind Ring,CJ,56B4F8B6-8600-4A18-913E-53F2F693EC2C,Rings,Fashion Jewelry,Fri Aug 14 2026 03:42:36 GMT+0530 (India Standard Time),product-name-match
887036,1455741872231288832,Same-sex Couple Laser Stainless Steel Ring,CJ,56B4F8B6-8600-4A18-913E-53F2F693EC2C,Rings,Fashion Jewelry,Fri Aug 14 2026 03:45:22 GMT+0530 (India Standard Time),product-name-match
83527,1742222957474230272,Men's Mid-calf Cotton Socks Jacquard Couple Sex Socks,CJ,96EBD53A-C941-445C-BBBD-C1D9F858E433,Woman Socks,Accessories,Wed Jul 22 2026 11:35:46 GMT+0530 (India Standard Time),product-name-match
1205142,26328136,High waisted cross tie thong,EPROLO,EPROLO-L2-1236,Sex Product,Fashion & Clothing,Tue Sep 08 2026 06:06:26 GMT+0530 (India Standard Time),in-blocked-category
1207554,31405174,Lace Trim Sexy Lingerie Set Women's Lace Mesh Bodysuit Sleepwear,EPROLO,EPROLO-L2-1236,Sex Product,Fashion & Clothing,Tue Sep 08 2026 06:36:25 GMT+0530 (India Standard Time),in-blocked-category
1208683,31240757," Sexy Lingerie Set for WomenLace Bra and Panties, Fashionable Sleepwear and Underwear Sexy Nightwear Set",EPROLO,EPROLO-L2-1236,Sex Product,Fashion & Clothing,Tue Sep 08 2026 06:49:39 GMT+0530 (India Standard Time),in-blocked-category
1210781,30476975,Heart Dream Finger Vibrator 8-Speed Vibration Female Finger Stimulation Intimate Massage Stimulator Adult Product ,EPROLO,EPROLO-L2-84,Sex Product,Beauty & Health,Tue Sep 08 2026 07:14:47 GMT+0530 (India Standard Time),in-blocked-category
1210783,30476976,Lelo Little Whale Rechargeable Wireless Remote Control Vibrator Hidden Wearable 10-Speed Vibration Toy,EPROLO,EPROLO-L2-84,Sex Product,Beauty & Health,Tue Sep 08 2026 07:14:48 GMT+0530 (India Standard Time),in-blocked-category
1211527,30176787,"Purple Lace One-Piece with Detachable Cape, Open Back Halter Buckle Crotch Lingerie with Steel Ring Support",EPROLO,EPROLO-L2-1236,Sex Product,Fashion & Clothing,Tue Sep 08 2026 07:23:53 GMT+0530 (India Standard Time),in-blocked-category
1211528,30176788,Purple Sexy Jumpsuit Transparent Pleated Strap Nightdress with Thong Lace Sheer Lingerie Set,EPROLO,EPROLO-L2-1236,Sex Product,Fashion & Clothing,Tue Sep 08 2026 07:23:53 GMT+0530 (India Standard Time),in-blocked-category
1211529,30176790,Lace Embroidered Sheer Bodysuit with V-Neck and Push-Up Bra,EPROLO,EPROLO-L2-1236,Sex Product,Fashion & Clothing,Tue Sep 08 2026 07:23:54 GMT+0530 (India Standard Time),in-blocked-category
1211530,30176792,Dnika Mesh Splicing Strapless Nightgown Transparent Sexy Bodycon Dress Spicy One-Piece Short Skirt Set with Thong,EPROLO,EPROLO-L2-1236,Sex Product,Fashion & Clothing,Tue Sep 08 2026 07:23:54 GMT+0530 (India Standard Time),in-blocked-category
1211531,30176793,Purple Erotic Lingerie Lace Transparent Belted Bodysuit Hollow Shapewear with Silk Stockings Set,EPROLO,EPROLO-L2-1236,Sex Product,Fashion & Clothing,Tue Sep 08 2026 07:23:55 GMT+0530 (India Standard Time),in-blocked-category
1211532,30176796,Dnika Two-Piece Mesh Embroidered Lingerie Set Purple Flower Gathered Bra Transparent Suit,EPROLO,EPROLO-L2-1236,Sex Product,Fashion & Clothing,Tue Sep 08 2026 07:23:55 GMT+0530 (India Standard Time),in-blocked-category
1211533,30176797,Seductive Lace Lingerie Set with Gloves and Nightwear - Push-Up Underwire Transparent Outfit,EPROLO,EPROLO-L2-1236,Sex Product,Fashion & Clothing,Tue Sep 08 2026 07:23:56 GMT+0530 (India Standard Time),in-blocked-category
1212085,30053008,Lingge Embroidery Sexy Strap Mesh Puff Skirt Sexy Underwear Set,EPROLO,EPROLO-L2-1236,Sex Product,Fashion & Clothing,Tue Sep 08 2026 07:31:07 GMT+0530 (India Standard Time),in-blocked-category
1212087,30053009,Color blocking detachable two-piece sexy bra set embroidered splicing sexy lingerie for women,EPROLO,EPROLO-L2-1236,Sex Product,Fashion & Clothing,Tue Sep 08 2026 07:31:07 GMT+0530 (India Standard Time),in-blocked-category
1212166,30026354,Sexy Lace Trim Nightdress Women Transparent Mesh Tie  Lingerie Two-Piece Set,EPROLO,EPROLO-L2-1236,Sex Product,Fashion & Clothing,Tue Sep 08 2026 07:31:41 GMT+0530 (India Standard Time),in-blocked-category
1212167,30026356,"Sexy  Style Red Lingerie Set with Mesh Splicing, Embroidered Floral Bra and Garter Belt",EPROLO,EPROLO-L2-1236,Sex Product,Fashion & Clothing,Tue Sep 08 2026 07:31:41 GMT+0530 (India Standard Time),in-blocked-category
1212168,30026357,Heavy Embroidery Sexy Hollow-out Transparent Splicing Lingerie Set with Stockings for Women,EPROLO,EPROLO-L2-1236,Sex Product,Fashion & Clothing,Tue Sep 08 2026 07:31:41 GMT+0530 (India Standard Time),in-blocked-category
1212183,30026374,Sexy Cupid Contrast Heart Embroidery Mesh Boned Waist Bow Women's Lingerie,EPROLO,EPROLO-L2-1236,Sex Product,Fashion & Clothing,Tue Sep 08 2026 07:31:50 GMT+0530 (India Standard Time),in-blocked-category
1212184,30026375,Sexy Leopard Print Sheer Strapless Dress with Lace Hem and Slit for Women,EPROLO,EPROLO-L2-1236,Sex Product,Fashion & Clothing,Tue Sep 08 2026 07:31:52 GMT+0530 (India Standard Time),in-blocked-category
1212185,30026484,Sexy Lace Trimmed Three-Piece Hollow Out Temptation Lingerie Set,EPROLO,EPROLO-L2-1236,Sex Product,Fashion & Clothing,Tue Sep 08 2026 07:31:53 GMT+0530 (India Standard Time),in-blocked-category
1212186,30026485,Lingerie Transparent Mesh Three-Piece Sexy Heart-Shaped Rhinestone Bra Set,EPROLO,EPROLO-L2-1236,Sex Product,Fashion & Clothing,Tue Sep 08 2026 07:31:53 GMT+0530 (India Standard Time),in-blocked-category
1212189,30026486, Sexy Lingerie Pink Printed Valentine's Day Strap Nightgown Uniform Temptation Thong Set,EPROLO,EPROLO-L2-1236,Sex Product,Fashion & Clothing,Tue Sep 08 2026 07:31:55 GMT+0530 (India Standard Time),in-blocked-category
1212199,30026489,Thin Large Chest Minimizer Sexy French Mesh Plaid Bra Lingerie Set with Gathered Transparent Design,EPROLO,EPROLO-L2-1236,Sex Product,Fashion & Clothing,Tue Sep 08 2026 07:31:58 GMT+0530 (India Standard Time),in-blocked-category
1212206,30026491,Heavy Embroidery Metal Buckle Strap Sexy Lingerie Set for Women Transparent Shaping Front Button Five-Piece Set,EPROLO,EPROLO-L2-1236,Sex Product,Fashion & Clothing,Tue Sep 08 2026 07:32:01 GMT+0530 (India Standard Time),in-blocked-category
1212626,29929968,Sexy Leopard Print Red Embroidered Cherry Thin Push-Up Bow Bra Women's Two-Piece Set,EPROLO,EPROLO-L2-1236,Sex Product,Fashion & Clothing,Tue Sep 08 2026 07:35:19 GMT+0530 (India Standard Time),in-blocked-category
1212629,29929971,Sexy Floral Embroidery Boned Camisole Transparent Temptation Pure Desire Shapewear Lingerie Set,EPROLO,EPROLO-L2-1236,Sex Product,Fashion & Clothing,Tue Sep 08 2026 07:35:20 GMT+0530 (India Standard Time),in-blocked-category
1212720,29907564,Lace neck and strapless strap,EPROLO,EPROLO-L2-1236,Sex Product,Fashion & Clothing,Tue Sep 08 2026 07:36:25 GMT+0530 (India Standard Time),in-blocked-category
1213114,29748280,One-Piece Sexy Swimsuit Slimming Waist Side Drawstring Irregular Print Strapless Swimsuit,EPROLO,EPROLO-L2-1236,Sex Product,Fashion & Clothing,Tue Sep 08 2026 07:40:31 GMT+0530 (India Standard Time),in-blocked-category
1213394,25616228,Retro Leopard Pattern Jacquard Pantyhose Women's Hollow Mesh Socks Black Bottom Socks Silk Socks,EPROLO,EPROLO-L2-1236,Sex Product,Fashion & Clothing,Tue Sep 08 2026 07:42:45 GMT+0530 (India Standard Time),in-blocked-category
1214255,20331586,SM Erotic Fox Tail Anal Plug Metal Posterior Plug Adult Products Toys Artificial Tail Set Play,EPROLO,EPROLO-L2-84,Sex Product,Beauty & Health,Tue Sep 08 2026 07:48:51 GMT+0530 (India Standard Time),in-blocked-category
1214269,20331594,Adult Sex Toy Sex Strap Household Goods Door Window Sling Door Hanger,EPROLO,EPROLO-L2-84,Sex Product,Beauty & Health,Tue Sep 08 2026 07:48:55 GMT+0530 (India Standard Time),in-blocked-category
1214290,20224832,Varsbaby New Sexy Back Underwear Lace Sexy Bra High Waist Suspenders Underwear Set,EPROLO,EPROLO-L2-1236,Sex Product,Fashion & Clothing,Tue Sep 08 2026 07:49:05 GMT+0530 (India Standard Time),in-blocked-category
1214292,20155704,Sexy Colorful Embroidered Large Flowers With Steel Ring Bra Garter Belt Leggings Thong Erotic Underwear 4Pcs Set,EPROLO,EPROLO-L2-1236,Sex Product,Fashion & Clothing,Tue Sep 08 2026 07:49:19 GMT+0530 (India Standard Time),in-blocked-category
1214306,20179518,Customized Eye Mask Mini 8-shaped Rivet Elastic Eyelet Purple Multi nail Binding Toy Leather Mask,EPROLO,EPROLO-L2-84,Sex Product,Beauty & Health,Tue Sep 08 2026 07:49:26 GMT+0530 (India Standard Time),in-blocked-category
1214398,19941635,Recommended New Cell Phone Manipulation Shrinkage Ball Postpartum Private Care Restore Firmness Silent Vibration Portable,EPROLO,EPROLO-L2-84,Sex Product,Beauty & Health,Tue Sep 08 2026 07:50:07 GMT+0530 (India Standard Time),in-blocked-category
1214767,19142581,Adult Products Charging Strong Shock Bullet AV Egg Jumping Female Vibration Backyard Masturbation Stick,EPROLO,EPROLO-L2-84,Sex Product,Beauty & Health,Tue Sep 08 2026 07:52:59 GMT+0530 (India Standard Time),in-blocked-category
1214778,19142585,Adult Products Charging Vibrating High Frequency Honey Bean Stick Female Masturbation Vibrating Tease Stick,EPROLO,EPROLO-L2-84,Sex Product,Beauty & Health,Tue Sep 08 2026 07:53:02 GMT+0530 (India Standard Time),in-blocked-category
1214803,19106694,Lace Underwear Sexy Temptation Fashion Pajamas Women's Thin Three-Piece Color Matching Home Clothes,EPROLO,EPROLO-L2-1236,Sex Product,Fashion & Clothing,Tue Sep 08 2026 07:53:12 GMT+0530 (India Standard Time),in-blocked-category
1214946,18890255,Cupid Magic Finger Pulls Sucking Vibrator Sex Toys Female Masturbator Massage Stick 7-Frequency Vibration,EPROLO,EPROLO-L2-84,Sex Product,Beauty & Health,Tue Sep 08 2026 07:54:07 GMT+0530 (India Standard Time),in-blocked-category
1214950,18890256,Vibrating Egg Palamei Invisible Wearable Wireless Remote Control Vibration Vibrating Egg Female Masturbator Sex Toys,EPROLO,EPROLO-L2-84,Sex Product,Beauty & Health,Tue Sep 08 2026 07:54:08 GMT+0530 (India Standard Time),in-blocked-category
1214951,18890257,Magnetic Suction Charging 10 Frequency Vibration Vibrating Egg Double Head Sucking Vibrator Female Silicone Masturbation Device Adult Products,EPROLO,EPROLO-L2-84,Sex Product,Beauty & Health,Tue Sep 08 2026 07:54:08 GMT+0530 (India Standard Time),in-blocked-category
1214953,18890258,Female Sunflower Sucker Masturbation Pulse Sucking Vibrator Sucking Pussy Massage Orgasm Magnetic Suction Charging Sex Toys,EPROLO,EPROLO-L2-84,Sex Product,Beauty & Health,Tue Sep 08 2026 07:54:09 GMT+0530 (India Standard Time),in-blocked-category
1214958,18890261,Female Vaginal Sex Dumbbell Contraction Vaginal Dumbbell Ball Private Part Firming Exercise Female Adult Sex Toys,EPROLO,EPROLO-L2-84,Sex Product,Beauty & Health,Tue Sep 08 2026 07:54:10 GMT+0530 (India Standard Time),in-blocked-category
1215463,2644532,7 Speeds Tongue Vibrator Oral Licking Clitoris sucking G-spot Suction Sex Toys for Women Female Masturbation Nipple Massager ,EPROLO,EPROLO-L2-84,Sex Product,Beauty & Health,Tue Sep 08 2026 07:57:33 GMT+0530 (India Standard Time),in-blocked-category
1215597,29714049,Lace Sheer Wrap Chest Halter Push-Up Underwire Sleepwear Women's Sexy Romper,EPROLO,EPROLO-L2-1236,Sex Product,Fashion & Clothing,Tue Sep 08 2026 07:58:45 GMT+0530 (India Standard Time),in-blocked-category
1215598,29714051,Wholesale Sexy Lingerie Set with Garter Belt Hollow Out Push-Up Four-Piece Set for Women,EPROLO,EPROLO-L2-1236,Sex Product,Fashion & Clothing,Tue Sep 08 2026 07:58:45 GMT+0530 (India Standard Time),in-blocked-category
1215599,29714052,"Red Lace Lingerie Set for Women - Sexy , Gathered and Adjustable Straps, Elegant and Comfortable",EPROLO,EPROLO-L2-1236,Sex Product,Fashion & Clothing,Tue Sep 08 2026 07:58:45 GMT+0530 (India Standard Time),in-blocked-category
1215601,29714054, Cross Splicing Underwear Set with Steel Ring and Heavy ,EPROLO,EPROLO-L2-1236,Sex Product,Fashion & Clothing,Tue Sep 08 2026 07:58:46 GMT+0530 (India Standard Time),in-blocked-category
1215603,29714053,Lace Embroidery Chain Suspenders Hollow Cross Sexy Lingerie Four-Piece Set,EPROLO,EPROLO-L2-1236,Sex Product,Fashion & Clothing,Tue Sep 08 2026 07:58:46 GMT+0530 (India Standard Time),in-blocked-category
1215657,29706208, Solid Color Elegant Celebrity Summer Transparent Bone Sexy Pearl Pendant Halter Top,EPROLO,EPROLO-L2-1236,Sex Product,Fashion & Clothing,Tue Sep 08 2026 07:59:08 GMT+0530 (India Standard Time),in-blocked-category
1215658,29706209,Sexy Strapless Lace Splicing Sheer Crop Top,EPROLO,EPROLO-L2-1236,Sex Product,Fashion & Clothing,Tue Sep 08 2026 07:59:09 GMT+0530 (India Standard Time),in-blocked-category
1215659,29706210,Sweet and Cool Irregular Lace Bone Binding Backless Tube Top Spicy Girl Sexy Pure Desire Top,EPROLO,EPROLO-L2-1236,Sex Product,Fashion & Clothing,Tue Sep 08 2026 07:59:09 GMT+0530 (India Standard Time),in-blocked-category
1215660,29706212,Sexy One-Shoulder Mesh Splicing Lace Semi-Transparent Corset Strap Top,EPROLO,EPROLO-L2-1236,Sex Product,Fashion & Clothing,Tue Sep 08 2026 07:59:09 GMT+0530 (India Standard Time),in-blocked-category
1215661,29706213,Cross-border  Spicy Girl Personality Lace Trim Elegant Rope Backless Nightclub Rhinestone Halter Top,EPROLO,EPROLO-L2-1236,Sex Product,Fashion & Clothing,Tue Sep 08 2026 07:59:09 GMT+0530 (India Standard Time),in-blocked-category
1215662,29706214, niche lace French design pure desire ins style wrap chest irregular fitted binding rope trendy tube top,EPROLO,EPROLO-L2-1236,Sex Product,Fashion & Clothing,Tue Sep 08 2026 07:59:10 GMT+0530 (India Standard Time),in-blocked-category
1215663,29706216, Lace Print  Style Streetwear Sexy Fitted Backless Strap Romper,EPROLO,EPROLO-L2-1236,Sex Product,Fashion & Clothing,Tue Sep 08 2026 07:59:10 GMT+0530 (India Standard Time),in-blocked-category
1215664,29706219,Sexy Fitted  Street Photography Gradient Lace Halter Neck Tied Steel Ring Top,EPROLO,EPROLO-L2-1236,Sex Product,Fashion & Clothing,Tue Sep 08 2026 07:59:10 GMT+0530 (India Standard Time),in-blocked-category
1215668,29706221,Lace Small Flower Edge Mesh Embroidery Splicing High Elastic Satin Steel Ring Boned Diamond Back Vest,EPROLO,EPROLO-L2-1236,Sex Product,Fashion & Clothing,Tue Sep 08 2026 07:59:11 GMT+0530 (India Standard Time),in-blocked-category
1215761,29691396,Lace hollow steel ring gathered neck hanging underwear three piece set,EPROLO,EPROLO-L2-1236,Sex Product,Fashion & Clothing,Tue Sep 08 2026 07:59:49 GMT+0530 (India Standard Time),in-blocked-category
1215762,29691397,Two piece set of mesh fun home clothes jumpsuit,EPROLO,EPROLO-L2-1236,Sex Product,Fashion & Clothing,Tue Sep 08 2026 07:59:49 GMT+0530 (India Standard Time),in-blocked-category
1215763,29691399,Mesh splicing mesh fabric hollow steel ring gathering sexy lingerie three piece set,EPROLO,EPROLO-L2-1236,Sex Product,Fashion & Clothing,Tue Sep 08 2026 07:59:49 GMT+0530 (India Standard Time),in-blocked-category
1215764,29691398,Mesh see through transparent hollow sexy lingerie set,EPROLO,EPROLO-L2-1236,Sex Product,Fashion & Clothing,Tue Sep 08 2026 07:59:50 GMT+0530 (India Standard Time),in-blocked-category
1215765,29691400,Leopard print mesh sexy lingerie gloves garter belt set,EPROLO,EPROLO-L2-1236,Sex Product,Fashion & Clothing,Tue Sep 08 2026 07:59:50 GMT+0530 (India Standard Time),in-blocked-category
1215766,29691403,Breathable mesh see through sexy lingerie split set for women,EPROLO,EPROLO-L2-1236,Sex Product,Fashion & Clothing,Tue Sep 08 2026 07:59:51 GMT+0530 (India Standard Time),in-blocked-category
1215767,29691402,Sexy lace lingerie women gather together ultra-thin new suspender lace bra set,EPROLO,EPROLO-L2-1236,Sex Product,Fashion & Clothing,Tue Sep 08 2026 07:59:51 GMT+0530 (India Standard Time),in-blocked-category
1215768,29691401,Embroidered patchwork mesh sexy bra with contrasting color design sexy lingerie two-piece set,EPROLO,EPROLO-L2-1236,Sex Product,Fashion & Clothing,Tue Sep 08 2026 07:59:51 GMT+0530 (India Standard Time),in-blocked-category
1215769,29691404,New lingerie six piece chain seductive and sexy restraint women's black erotic suit,EPROLO,EPROLO-L2-1236,Sex Product,Fashion & Clothing,Tue Sep 08 2026 07:59:51 GMT+0530 (India Standard Time),in-blocked-category
1215770,29691405,Sexy lingerie three piece set see through mesh glitter chain fun suit with gloves,EPROLO,EPROLO-L2-1236,Sex Product,Fashion & Clothing,Tue Sep 08 2026 07:59:51 GMT+0530 (India Standard Time),in-blocked-category
1215771,29691406,Women's embroidered flower gathering sexy lingerie uniform set,EPROLO,EPROLO-L2-1236,Sex Product,Fashion & Clothing,Tue Sep 08 2026 07:59:52 GMT+0530 (India Standard Time),in-blocked-category
1215772,29691407,Color blocking perspective mesh sexy lingerie garter belt three piece set,EPROLO,EPROLO-L2-1236,Sex Product,Fashion & Clothing,Tue Sep 08 2026 07:59:52 GMT+0530 (India Standard Time),in-blocked-category
1215773,29691408,Mesh perspective sexy cross design steel ring gathering fun lingerie three piece set,EPROLO,EPROLO-L2-1236,Sex Product,Fashion & Clothing,Tue Sep 08 2026 07:59:52 GMT+0530 (India Standard Time),in-blocked-category
1215836,29652588,Sexy Long Sleeve Nurse Costume Role Play Set Erotic Underwear Seductive Uniform Temptation,EPROLO,EPROLO-L2-1236,Sex Product,Fashion & Clothing,Tue Sep 08 2026 08:00:19 GMT+0530 (India Standard Time),in-blocked-category
1215837,29652589,Sexy Mesh Transparent Lace Trimmed Strap Long Dress Nightgown Set,EPROLO,EPROLO-L2-1236,Sex Product,Fashion & Clothing,Tue Sep 08 2026 08:00:19 GMT+0530 (India Standard Time),in-blocked-category
1215838,29652591,Sexy Mesh Transparent Strap Lace Splicing Bodysuit Set,EPROLO,EPROLO-L2-1236,Sex Product,Fashion & Clothing,Tue Sep 08 2026 08:00:20 GMT+0530 (India Standard Time),in-blocked-category
1215840,29652590,Sexy Mesh Transparent Lace Long Sleeve Long Nightgown Erotic Set for Women,EPROLO,EPROLO-L2-1236,Sex Product,Fashion & Clothing,Tue Sep 08 2026 08:00:20 GMT+0530 (India Standard Time),in-blocked-category
1215845,29652601,Sexy Transparent Hollow Chain Three-Piece Bodysuit Erotic Set,EPROLO,EPROLO-L2-1236,Sex Product,Fashion & Clothing,Tue Sep 08 2026 08:00:22 GMT+0530 (India Standard Time),in-blocked-category
1215846,29652599,Sexy Lingerie Set  Style Sheer Mesh Transparent Erotic Underwear Nurse Costume Seductive Role Play Suit,EPROLO,EPROLO-L2-1236,Sex Product,Fashion & Clothing,Tue Sep 08 2026 08:00:22 GMT+0530 (India Standard Time),in-blocked-category
1215847,29652614,Sexy Lace Underwear  Ultra-thin Embroidered Large Bust Minimizer Push-up Bra Cross-border Bra Set,EPROLO,EPROLO-L2-1236,Sex Product,Fashion & Clothing,Tue Sep 08 2026 08:00:22 GMT+0530 (India Standard Time),in-blocked-category
1215849,29652620,Sheer Mesh Sweet and Sexy Lingerie Temptation Set with Thong Underwear,EPROLO,EPROLO-L2-1236,Sex Product,Fashion & Clothing,Tue Sep 08 2026 08:00:23 GMT+0530 (India Standard Time),in-blocked-category
1215850,29652626,Sexy Lace Underwear Thin Soft Steel Ring Bra Anti-Sagging Large Chest Minimizer Gathering Bra Set,EPROLO,EPROLO-L2-1236,Sex Product,Fashion & Clothing,Tue Sep 08 2026 08:00:24 GMT+0530 (India Standard Time),in-blocked-category
1215851,29652623, Summer Thin Triangle Cup Smooth Lace Bra Wireless Small Chest Gathering Sexy Lingerie Set,EPROLO,EPROLO-L2-1236,Sex Product,Fashion & Clothing,Tue Sep 08 2026 08:00:24 GMT+0530 (India Standard Time),in-blocked-category
1215852,29652622,Leopard Print Lace  Underwear Set - Sexy Semi-Transparent Ultra-Thin Large Bust Minimizer Push-Up Bra Set,EPROLO,EPROLO-L2-1236,Sex Product,Fashion & Clothing,Tue Sep 08 2026 08:00:24 GMT+0530 (India Standard Time),in-blocked-category
1215853,29652634,"Lace Mesh Floral Print Pure Desire Sexy Strapless Off-Shoulder Mini Skirt, Thong, Fishnet Socks, and Lingerie Four-Piece Set",EPROLO,EPROLO-L2-1236,Sex Product,Fashion & Clothing,Tue Sep 08 2026 08:00:25 GMT+0530 (India Standard Time),in-blocked-category
1215854,29652632,Sexy Style Women's  Pure Desire Thin Lace Boned Shapewear Bra Large Chest Minimizer Plus Size Bustier,EPROLO,EPROLO-L2-1236,Sex Product,Fashion & Clothing,Tue Sep 08 2026 08:00:25 GMT+0530 (India Standard Time),in-blocked-category
1215855,29652635," Sexy Women's French Ultra-thin Transparent Mesh Lace Underwear with Pure Cotton Crotch, Butt-lifting Low Waist Triangle Pants",EPROLO,EPROLO-L2-1236,Sex Product,Fashion & Clothing,Tue Sep 08 2026 08:00:25 GMT+0530 (India Standard Time),in-blocked-category
1215876,29644830,French Sexy Lace Underwear Thin Non-Wired Triangle Cup Bra U-Shape Backless Bra Set,EPROLO,EPROLO-L2-1236,Sex Product,Fashion & Clothing,Tue Sep 08 2026 08:00:33 GMT+0530 (India Standard Time),in-blocked-category
1215877,29644831,Sexy Women's Underwear French Ultra-thin Seamless Plus Size Panties with Cotton Crotch Lifting Low Waist Triangle Briefs,EPROLO,EPROLO-L2-1236,Sex Product,Fashion & Clothing,Tue Sep 08 2026 08:00:34 GMT+0530 (India Standard Time),in-blocked-category
1215878,29644832,Sexy Bow Chain Strap Pure Desire High Slit Dress Lingerie Set,EPROLO,EPROLO-L2-1236,Sex Product,Fashion & Clothing,Tue Sep 08 2026 08:00:34 GMT+0530 (India Standard Time),in-blocked-category
1215879,29644833,Sexy Transparent Lace Pure Desire Ultra Short Skirt with Net Stockings Separated Lingerie Set,EPROLO,EPROLO-L2-1236,Sex Product,Fashion & Clothing,Tue Sep 08 2026 08:00:34 GMT+0530 (India Standard Time),in-blocked-category
1215880,29644834, Satin Milk Silk Girl Underwear Sexy Hollow Butterfly Knot Seamless Underwear Hip-hugging Low Waist Triangle Underwear,EPROLO,EPROLO-L2-1236,Sex Product,Fashion & Clothing,Tue Sep 08 2026 08:00:34 GMT+0530 (India Standard Time),in-blocked-category
1215881,29644835,Style Sexy Underwire Gathered French Lace Embroidered Tie-Strap Pure Desire Hollow Out Four-Piece Set Lingerie Suit,EPROLO,EPROLO-L2-1236,Sex Product,Fashion & Clothing,Tue Sep 08 2026 08:00:35 GMT+0530 (India Standard Time),in-blocked-category
1215883,29644836,"Bra Set with Anti-Nipple Design, Spliced Sheer Tempting Sexy Lingerie",EPROLO,EPROLO-L2-1236,Sex Product,Fashion & Clothing,Tue Sep 08 2026 08:00:35 GMT+0530 (India Standard Time),in-blocked-category
1215884,29644838,Sexy Underwear Thin Breathable Leopard Print Embroidery Plus Size Panties Butt Lifting Low Waist Women's Erotic Underwear,EPROLO,EPROLO-L2-1236,Sex Product,Fashion & Clothing,Tue Sep 08 2026 08:00:36 GMT+0530 (India Standard Time),in-blocked-category
1215885,29644840,Sexy Hollow Out Lace Romper with Bowknot Detail,EPROLO,EPROLO-L2-1236,Sex Product,Fashion & Clothing,Tue Sep 08 2026 08:00:37 GMT+0530 (India Standard Time),in-blocked-category
1215887,29644841, Cross-border Sexy Set Transparent Temptation Black Lace Halter Nightdress Fishnet Stockings Garter Belt Erotic Underwear,EPROLO,EPROLO-L2-1236,Sex Product,Fashion & Clothing,Tue Sep 08 2026 08:00:37 GMT+0530 (India Standard Time),in-blocked-category
1215889,29644844,Sexy Lace Butterfly Strap Dress Pure Desire Temptation Slimming Fitted Lace-up Bodysuit Lingerie,EPROLO,EPROLO-L2-1236,Sex Product,Fashion & Clothing,Tue Sep 08 2026 08:00:38 GMT+0530 (India Standard Time),in-blocked-category
1215890,29644846,Sexy 3D Flower Bow Tie Sequin Mesh Skirt Lingerie Set,EPROLO,EPROLO-L2-1236,Sex Product,Fashion & Clothing,Tue Sep 08 2026 08:00:39 GMT+0530 (India Standard Time),in-blocked-category
1215891,29644845, Style Sexy Tassel Temptation Satin Splicing Mesh Bodycon Skirt with Gloves Separate Erotic Lingerie Set,EPROLO,EPROLO-L2-1236,Sex Product,Fashion & Clothing,Tue Sep 08 2026 08:00:39 GMT+0530 (India Standard Time),in-blocked-category
1215892,29644847,Sexy Lingerie Women's French Ultra-thin Transparent Embroidered Lace Underwear with Cotton Crotch Low Waist Triangle Pants,EPROLO,EPROLO-L2-1236,Sex Product,Fashion & Clothing,Tue Sep 08 2026 08:00:39 GMT+0530 (India Standard Time),in-blocked-category
1215893,29644851,French Sexy Thin Non-Wired Bra Lace Embroidery Underwear for Women U-Shape Backless Strap Camisole Bra,EPROLO,EPROLO-L2-1236,Sex Product,Fashion & Clothing,Tue Sep 08 2026 08:00:40 GMT+0530 (India Standard Time),in-blocked-category
1215894,29644848,Elegant Lace Transparent Uniform Jacket Bra Erotic Lingerie Three-Piece Set Robe,EPROLO,EPROLO-L2-1236,Sex Product,Fashion & Clothing,Tue Sep 08 2026 08:00:40 GMT+0530 (India Standard Time),in-blocked-category
1215895,29644854,Foreign Trade  Ice Silk Underwear Cotton Crotch Low Waist Leopard Print Sexy Plus Size Seamless One-Piece Sports Fitness Briefs,EPROLO,EPROLO-L2-1236,Sex Product,Fashion & Clothing,Tue Sep 08 2026 08:00:40 GMT+0530 (India Standard Time),in-blocked-category
1215928,29638293,European and American Cross-border Mesh Sexy Top Transparent Color-blocked Strap Bra Padded Fitted High-end Bone Chest Outerwear,EPROLO,EPROLO-L2-1236,Sex Product,Fashion & Clothing,Tue Sep 08 2026 08:00:50 GMT+0530 (India Standard Time),in-blocked-category
1215929,29638292,Sexy Strapless Top with Built-in Pads Vintage Palace Style Boned Bustier,EPROLO,EPROLO-L2-1236,Sex Product,Fashion & Clothing,Tue Sep 08 2026 08:00:50 GMT+0530 (India Standard Time),in-blocked-category
1215930,29638295,Vintage Embroidered Floral Tube Top with Built-in Pads and Boning Support,EPROLO,EPROLO-L2-1236,Sex Product,Fashion & Clothing,Tue Sep 08 2026 08:00:51 GMT+0530 (India Standard Time),in-blocked-category
1215931,29638297,Printed High-Feeling Inner Wear Fitted Shapewear Outerwear Boned Bustier Strapless Top,EPROLO,EPROLO-L2-1236,Sex Product,Fashion & Clothing,Tue Sep 08 2026 08:00:51 GMT+0530 (India Standard Time),in-blocked-category
1215932,29638302, Style Sexy Top Printed Strapless Camisole Women's Outerwear Beaded Boned Bustier Inner Wear,EPROLO,EPROLO-L2-1236,Sex Product,Fashion & Clothing,Tue Sep 08 2026 08:00:51 GMT+0530 (India Standard Time),in-blocked-category
1215940,29631527,Leopard print bra set mesh printed underwear women's garter belt,EPROLO,EPROLO-L2-1236,Sex Product,Fashion & Clothing,Tue Sep 08 2026 08:00:56 GMT+0530 (India Standard Time),in-blocked-category
1215941,29631528,Black mesh see through bra lingerie women's sexy set,EPROLO,EPROLO-L2-1236,Sex Product,Fashion & Clothing,Tue Sep 08 2026 08:00:56 GMT+0530 (India Standard Time),in-blocked-category
1215944,29631529,Sexy lingerie corset women's bra set suitable for breathable straps and slim fit,EPROLO,EPROLO-L2-1236,Sex Product,Fashion & Clothing,Tue Sep 08 2026 08:00:57 GMT+0530 (India Standard Time),in-blocked-category
1215952,29631530,Lace lace metal chain sexy and sexy perspective backless underwear jumpsuit,EPROLO,EPROLO-L2-1236,Sex Product,Fashion & Clothing,Tue Sep 08 2026 08:01:00 GMT+0530 (India Standard Time),in-blocked-category
1215953,29631534,Sexy Women's Mesh Water soluble Flower Underwear Bra Sex Set,EPROLO,EPROLO-L2-1236,Sex Product,Fashion & Clothing,Tue Sep 08 2026 08:01:01 GMT+0530 (India Standard Time),in-blocked-category
1215954,29631533,Lace sexy bra erotic lingerie set solid color sexy mesh apron lingerie,EPROLO,EPROLO-L2-1236,Sex Product,Fashion & Clothing,Tue Sep 08 2026 08:01:01 GMT+0530 (India Standard Time),in-blocked-category
1215955,29631535,Perspective Solid Color Underwear Bra Sex Set,EPROLO,EPROLO-L2-1236,Sex Product,Fashion & Clothing,Tue Sep 08 2026 08:01:01 GMT+0530 (India Standard Time),in-blocked-category
1215957,29621542,Spring sexy see through nightgown new suspender one shoulder slim fit hip hugging embossed dress,EPROLO,EPROLO-L2-1236,Sex Product,Fashion & Clothing,Tue Sep 08 2026 08:01:01 GMT+0530 (India Standard Time),in-blocked-category
1215958,29621544,Sexy lace waist cinching body shaping steel ring gathering with hanging socks lingerie set,EPROLO,EPROLO-L2-1236,Sex Product,Fashion & Clothing,Tue Sep 08 2026 08:01:02 GMT+0530 (India Standard Time),in-blocked-category
1215959,29621540,Women's suspender floral split dress erotic lingerie,EPROLO,EPROLO-L2-1236,Sex Product,Fashion & Clothing,Tue Sep 08 2026 08:01:02 GMT+0530 (India Standard Time),in-blocked-category
1215960,29621545,Wrinkle slimming perspective mesh passionate exposed suspender chest pad slim fitting suspender fun pajamas,EPROLO,EPROLO-L2-1236,Sex Product,Fashion & Clothing,Tue Sep 08 2026 08:01:03 GMT+0530 (India Standard Time),in-blocked-category
1215961,29621546,Mesh floral camisole dress sleepwear erotic lingerie sexy women's set,EPROLO,EPROLO-L2-1236,Sex Product,Fashion & Clothing,Tue Sep 08 2026 08:01:03 GMT+0530 (India Standard Time),in-blocked-category
1215962,29621547,Sex Sleeping Skirt Mesh Perspective Dress Passionate Temptation Underwear Bag Hip Skirt Hollow Out,EPROLO,EPROLO-L2-1236,Sex Product,Fashion & Clothing,Tue Sep 08 2026 08:01:03 GMT+0530 (India Standard Time),in-blocked-category
1215963,29621548,Sexy lingerie mesh seductive long sleeved bra sexy slimming set,EPROLO,EPROLO-L2-1236,Sex Product,Fashion & Clothing,Tue Sep 08 2026 08:01:03 GMT+0530 (India Standard Time),in-blocked-category
1215964,29621551,Mesh sexy see through suspender skirt sleeping skirt back chain skirt,EPROLO,EPROLO-L2-1236,Sex Product,Fashion & Clothing,Tue Sep 08 2026 08:01:04 GMT+0530 (India Standard Time),in-blocked-category
1215965,29621553,High slit sexy camisole skirt lingerie women love fringed Christmas uniform,EPROLO,EPROLO-L2-1236,Sex Product,Fashion & Clothing,Tue Sep 08 2026 08:01:04 GMT+0530 (India Standard Time),in-blocked-category
1215966,29621552,Thin Embroidered Bra Set Mesh Flower Underwear Women's garter Belt,EPROLO,EPROLO-L2-1236,Sex Product,Fashion & Clothing,Tue Sep 08 2026 08:01:04 GMT+0530 (India Standard Time),in-blocked-category
1215968,29621560,New sexy see through lace hollow out backless shaping slim lingerie split set,EPROLO,EPROLO-L2-1236,Sex Product,Fashion & Clothing,Tue Sep 08 2026 08:01:06 GMT+0530 (India Standard Time),in-blocked-category
1215970,29621561,Chain bracelet decoration flower embroidery hollow connected body shaping sexy set,EPROLO,EPROLO-L2-1236,Sex Product,Fashion & Clothing,Tue Sep 08 2026 08:01:06 GMT+0530 (India Standard Time),in-blocked-category
1215976,29617375,Christmas European and American Style Lingerie Set with Bow Tie Two Pieces,EPROLO,EPROLO-L2-1236,Sex Product,Fashion & Clothing,Tue Sep 08 2026 08:01:11 GMT+0530 (India Standard Time),in-blocked-category
1215977,29617376,Floral Embroidery Heavy Work Crossed Complex Straps European and American New Original High-Quality Sexy Lingerie Set for Women,EPROLO,EPROLO-L2-1236,Sex Product,Fashion & Clothing,Tue Sep 08 2026 08:01:11 GMT+0530 (India Standard Time),in-blocked-category
1215978,29617401,European and American Style Sheer Lace Thin Floral Embroidery Wavy Lace Trim Transparent Sexy Lingerie for Women,EPROLO,EPROLO-L2-1236,Sex Product,Fashion & Clothing,Tue Sep 08 2026 08:01:11 GMT+0530 (India Standard Time),in-blocked-category
1215979,29617378,Christmas Red Maid Costume Halter Heart Hollow Out Sexy 4-Piece Set for Women,EPROLO,EPROLO-L2-1236,Sex Product,Fashion & Clothing,Tue Sep 08 2026 08:01:11 GMT+0530 (India Standard Time),in-blocked-category
1215980,29617403,Black PU Leather Studded Metal Hollow Out Halter Neck Strapless Sexy Deep V Lingerie Sleep Dress for Women,EPROLO,EPROLO-L2-1236,Sex Product,Fashion & Clothing,Tue Sep 08 2026 08:01:12 GMT+0530 (India Standard Time),in-blocked-category
1215981,29617404,Creative Two-Way Wearable Detachable Mesh Embroidery Splicing Cross Hollow Waist Revealing Bodysuit,EPROLO,EPROLO-L2-1236,Sex Product,Fashion & Clothing,Tue Sep 08 2026 08:01:12 GMT+0530 (India Standard Time),in-blocked-category
1215982,29617409,Muse Sexy Sleepwear European and American Style Embroidered Sheer Two-Piece Large Backless Strap Dress,EPROLO,EPROLO-L2-1236,Sex Product,Fashion & Clothing,Tue Sep 08 2026 08:01:12 GMT+0530 (India Standard Time),in-blocked-category
1215983,29617413,Color Block Splicing Mesh Tulle Fluffy Skirt with Pearl Bow Sexy Lingerie Four-Piece Set for Women,EPROLO,EPROLO-L2-1236,Sex Product,Fashion & Clothing,Tue Sep 08 2026 08:01:12 GMT+0530 (India Standard Time),in-blocked-category
1215984,29617415,European and American Cross-border Student Costume Red Plaid Backless Slit Skirt Hem Girl's Erotic Underwear Three-piece Set,EPROLO,EPROLO-L2-1236,Sex Product,Fashion & Clothing,Tue Sep 08 2026 08:01:13 GMT+0530 (India Standard Time),in-blocked-category
1215985,29617416,Black Classic Women's Dotted Glitter Long Sleeve Jumpsuit European and American Style,EPROLO,EPROLO-L2-1236,Sex Product,Fashion & Clothing,Tue Sep 08 2026 08:01:13 GMT+0530 (India Standard Time),in-blocked-category
1215986,29617414,Sexy Grid Spliced Black PU Leather Lace Tight-Fitting Strapless Jumpsuit Set,EPROLO,EPROLO-L2-1236,Sex Product,Fashion & Clothing,Tue Sep 08 2026 08:01:13 GMT+0530 (India Standard Time),in-blocked-category
1215987,29617417,Lace Cross-Tie Women's Fashion White Erotic Lingerie Set Strap Sexy Three-Piece Suit,EPROLO,EPROLO-L2-1236,Sex Product,Fashion & Clothing,Tue Sep 08 2026 08:01:14 GMT+0530 (India Standard Time),in-blocked-category
1215988,29617418,Lace Strap Cross Strappy Dress Set Sexy Pure Desire Girl Mesh Sheer Nightgown Three-Piece Set,EPROLO,EPROLO-L2-1236,Sex Product,Fashion & Clothing,Tue Sep 08 2026 08:01:14 GMT+0530 (India Standard Time),in-blocked-category
1215989,29617420,Black and White Embroidered Spliced Stretchy Strapless Jumpsuit European and American Women's Lingerie Sexy Underwear Can Be Worn Alone Open Crotch,EPROLO,EPROLO-L2-1236,Sex Product,Fashion & Clothing,Tue Sep 08 2026 08:01:15 GMT+0530 (India Standard Time),in-blocked-category
1215990,29617419,European and American Women's Complex Strap Crossed Halter Sexy Mesh Transparent Underwear Three-Piece Set,EPROLO,EPROLO-L2-1236,Sex Product,Fashion & Clothing,Tue Sep 08 2026 08:01:15 GMT+0530 (India Standard Time),in-blocked-category
1215992,29617421,Metal Heavywork Patchwork European and American Women's Mesh Sheer Sexy Lingerie Red Valentine's Day 5-Piece Set,EPROLO,EPROLO-L2-1236,Sex Product,Fashion & Clothing,Tue Sep 08 2026 08:01:15 GMT+0530 (India Standard Time),in-blocked-category
1215995,29617425,European and American Style Costume Dressing Party Red High-Waisted Slit Sheer Skirt Three-Piece Set Women's Lingerie,EPROLO,EPROLO-L2-1236,Sex Product,Fashion & Clothing,Tue Sep 08 2026 08:01:16 GMT+0530 (India Standard Time),in-blocked-category
1215996,29610986,Two piece set of shapewear straps with mesh edges and perspective lingerie,EPROLO,EPROLO-L2-1236,Sex Product,Fashion & Clothing,Tue Sep 08 2026 08:01:16 GMT+0530 (India Standard Time),in-blocked-category
1215997,29610985,Sexy Deep V Body Shaping Perspective Flower Embroidered Underwear Sock Belt Two Piece Set,EPROLO,EPROLO-L2-1236,Sex Product,Fashion & Clothing,Tue Sep 08 2026 08:01:16 GMT+0530 (India Standard Time),in-blocked-category
1216003,29610995,Tie up hollow crotch jumpsuit sexy temptation hollow out non slip underwear five piece set,EPROLO,EPROLO-L2-1236,Sex Product,Fashion & Clothing,Tue Sep 08 2026 08:01:18 GMT+0530 (India Standard Time),in-blocked-category
1216004,29610996,Steel ring gathering bra set mesh splicing embroidery lace sexy lingerie four piece set,EPROLO,EPROLO-L2-1236,Sex Product,Fashion & Clothing,Tue Sep 08 2026 08:01:18 GMT+0530 (India Standard Time),in-blocked-category
1216005,29610997,Fashion niche sexy mesh transparent backless hollow out comfortable and fun jumpsuit with crotch opening,EPROLO,EPROLO-L2-1236,Sex Product,Fashion & Clothing,Tue Sep 08 2026 08:01:19 GMT+0530 (India Standard Time),in-blocked-category
1216006,29610998,New sexy slim fitting lingerie with hollowed out suspender and underwear two-piece set,EPROLO,EPROLO-L2-1236,Sex Product,Fashion & Clothing,Tue Sep 08 2026 08:01:19 GMT+0530 (India Standard Time),in-blocked-category
1216007,29610999,Perspective tassel hollowed out lingerie set no take off seductive six piece set,EPROLO,EPROLO-L2-1236,Sex Product,Fashion & Clothing,Tue Sep 08 2026 08:01:20 GMT+0530 (India Standard Time),in-blocked-category
1216008,29611000,Perspective embroidery sexy lingerie garter belt leg ring three piece set with steel ring,EPROLO,EPROLO-L2-1236,Sex Product,Fashion & Clothing,Tue Sep 08 2026 08:01:20 GMT+0530 (India Standard Time),in-blocked-category
1216009,29611001,Hollow out backless no take off seductive jumpsuit with steel ring,EPROLO,EPROLO-L2-1236,Sex Product,Fashion & Clothing,Tue Sep 08 2026 08:01:20 GMT+0530 (India Standard Time),in-blocked-category
1216010,29611002,Sexy embroidered mesh cross shoulder straps see through lace jumpsuit for women,EPROLO,EPROLO-L2-1236,Sex Product,Fashion & Clothing,Tue Sep 08 2026 08:01:20 GMT+0530 (India Standard Time),in-blocked-category
1216821,29254902,Summer sexy lingerie leopard print lace hot uniform passionate suit chest cotton seduction jumpsuit,EPROLO,EPROLO-L2-1236,Sex Product,Fashion & Clothing,Tue Sep 08 2026 08:08:21 GMT+0530 (India Standard Time),in-blocked-category
1216902,28352894,Underwear women's deep V-neck big chest display small anti sagging collection accessory without steel ring gathering bra,EPROLO,EPROLO-L2-1236,Sex Product,Fashion & Clothing,Tue Sep 08 2026 08:09:00 GMT+0530 (India Standard Time),in-blocked-category
1217009,27699381,New sexy bra with black stitching,EPROLO,EPROLO-L2-1236,Sex Product,Fashion & Clothing,Tue Sep 08 2026 08:09:52 GMT+0530 (India Standard Time),in-blocked-category
1217010,27720373,New sexy lingerie women's red sexy lace nightgown suspender pajamas,EPROLO,EPROLO-L2-1236,Sex Product,Fashion & Clothing,Tue Sep 08 2026 08:09:52 GMT+0530 (India Standard Time),in-blocked-category
1217012,27699382,New splicing strap hollow out sexy lingerie set,EPROLO,EPROLO-L2-1236,Sex Product,Fashion & Clothing,Tue Sep 08 2026 08:09:53 GMT+0530 (India Standard Time),in-blocked-category
1217013,27709878,"Lace sexy lingerie set, perspective seductive, steel ring gathered, slim waist, camisole skirt for women",EPROLO,EPROLO-L2-1236,Sex Product,Fashion & Clothing,Tue Sep 08 2026 08:09:53 GMT+0530 (India Standard Time),in-blocked-category
1217014,27699383,New sexy mesh perspective sex suit with spliced neck strap,EPROLO,EPROLO-L2-1236,Sex Product,Fashion & Clothing,Tue Sep 08 2026 08:09:53 GMT+0530 (India Standard Time),in-blocked-category
1217017,27699384,Strap lace hollow sexy slim fit spicy girl dress fashionable and sexy lingerie two-piece set,EPROLO,EPROLO-L2-1236,Sex Product,Fashion & Clothing,Tue Sep 08 2026 08:09:54 GMT+0530 (India Standard Time),in-blocked-category
1217020,27709880,"Sexy lingerie, sexy women's suspender, mesh, see through long skirt, slit sleepwear, nightgown",EPROLO,EPROLO-L2-1236,Sex Product,Fashion & Clothing,Tue Sep 08 2026 08:09:55 GMT+0530 (India Standard Time),in-blocked-category
1217021,27709882,Sexy and erotic sleepwear with lace perspective and seductive jumpsuit,EPROLO,EPROLO-L2-1236,Sex Product,Fashion & Clothing,Tue Sep 08 2026 08:09:56 GMT+0530 (India Standard Time),in-blocked-category
1217024,27709883,"Sexy pajamas, lace casual home clothes, camisole vest set, red heart plus size",EPROLO,EPROLO-L2-1236,Sex Product,Fashion & Clothing,Tue Sep 08 2026 08:09:57 GMT+0530 (India Standard Time),in-blocked-category
1217064,27521472,"Large size nursing bra, pregnant women's underwear, nursing bra without steel ring, adjustable front buckle",EPROLO,EPROLO-L2-1236,Sex Product,Fashion & Clothing,Tue Sep 08 2026 08:10:09 GMT+0530 (India Standard Time),in-blocked-category