id,name,src,categoryId,cat,parent,supplier_path,inGeneric,alreadyHiddenByName,alreadyHiddenByCat
560007,Crystal Transparent Airplane Bottle Men's Trainer Comfortable And Sex Product,CJ,F18491A9-2F33-4D85-A154-78EE4CD2AD33,Action & Toy Figures,Toys & Hobbies,Action & Toy Figures,false,true,false
997695,Sexual Positions A Year Of Sex Adult Full English Sex Pose Card,CJ,F18491A9-2F33-4D85-A154-78EE4CD2AD33,Action & Toy Figures,Toys & Hobbies,Action & Toy Figures,false,true,false
581403,Nursing Breast Pads Breastfeeding Nipple Pad For Maternity Breast Feeding Organic Bamboo Nursing Feeding Breast Pads,CJ,77A1D79C-B67E-42C0-850F-00005042548C,Baby Care,Baby & Mother,Baby Care,false,false,false
572295,European And American Suspenders Cotton Open Crotch Bottom-covering Rompers Flower Printed Trousers With Headdress Set,CJ,04D82B39-7CF8-4CA5-ABC9-279181DE7E26,Baby Clothing Sets,Baby Clothing,Baby Clothing Sets,false,true,false
573726,Boys Summer Cotton Thin Open Crotch Shorts,CJ,04D82B39-7CF8-4CA5-ABC9-279181DE7E26,Baby Clothing Sets,Baby Clothing,Baby Clothing Sets,false,true,false
574002,"Baby casual babydoll, newborn suit, baby short-sleeved trousers",CJ,04D82B39-7CF8-4CA5-ABC9-279181DE7E26,Baby Clothing Sets,Baby Clothing,Baby Clothing Sets,false,false,false
707440,Sexy Base Shirt Westernized Navel Exposed Jacket,CJ,4CF7E664-A644-4B96-951B-B76FA973320A,Basic Jacket,Outerwear & Jackets,Basic Jacket,false,false,false
974806,Portable Bidet Device Private Vaginal  Flusher Maternal Perineal Baby Baby Butt Ass Cleaner,CJ,B62EE40F-7650-4715-A7A5-BA227540593C,Bathroom Storage,Home Storage,Bathroom Storage,false,false,false
186936,Orgasm Enhancing Lubricant Toy,CJ,496E6FFC-4BC4-4CA6-8225-5BC0D56E8E11,Bedding Sets,Home Textiles,Bedding Sets,false,false,false
188664,Sexy Sex Product Women's Products Open After Entering,CJ,496E6FFC-4BC4-4CA6-8225-5BC0D56E8E11,Bedding Sets,Home Textiles,Bedding Sets,false,true,false
742707,Uniform Seductive Perspective Passion Suit,CJ,07398ADB-FC5E-4CC4-AD00-EB230E779E88,Blazers,Outerwear & Jackets,Blazers,false,false,true
743427,Street Style Sexy V-neck Solid Color Navel Exposed All-matching Slim Fit,CJ,07398ADB-FC5E-4CC4-AD00-EB230E779E88,Blazers,Outerwear & Jackets,Blazers,false,false,true
744767,Mesh See-through Exposed Navel Deep V Neck Tight Women,CJ,07398ADB-FC5E-4CC4-AD00-EB230E779E88,Blazers,Outerwear & Jackets,Blazers,false,false,true
744844,Sexy Fried Dough Twists Pattern Exposed Navel Slim Suspender Knitted Top,CJ,07398ADB-FC5E-4CC4-AD00-EB230E779E88,Blazers,Outerwear & Jackets,Blazers,false,false,true
744970,Sun Protection Women's Long Sleeve Thin High Waist Retro Exposed Navel Zip Cardigan Tops,CJ,07398ADB-FC5E-4CC4-AD00-EB230E779E88,Blazers,Outerwear & Jackets,Blazers,false,false,true
745230,Women's Fashion Round Neck Casual Sleeveless Open Umbilical Top,CJ,07398ADB-FC5E-4CC4-AD00-EB230E779E88,Blazers,Outerwear & Jackets,Blazers,false,false,true
746316,Hollow Navel Exposed Solid Color Slim Body Wrap Chest,CJ,07398ADB-FC5E-4CC4-AD00-EB230E779E88,Blazers,Outerwear & Jackets,Blazers,false,false,true
747064,Autumn and winter women's new word shoulder tube top long sleeve exposed navel T-shirt,CJ,07398ADB-FC5E-4CC4-AD00-EB230E779E88,Blazers,Outerwear & Jackets,Blazers,false,false,true
749965,Women's Tube Top Phalaenopsis Patchwork Top Exposed Navel,CJ,07398ADB-FC5E-4CC4-AD00-EB230E779E88,Blazers,Outerwear & Jackets,Blazers,false,false,true
750247,Exposed Navel Nightclub Hot Girl Inner Wear Pure Desire Beautiful Back Wrapped Chest,CJ,07398ADB-FC5E-4CC4-AD00-EB230E779E88,Blazers,Outerwear & Jackets,Blazers,false,false,true
750617,Minimalist Basic Pure Color All-matching Turtleneck Pleating T-shirt Sports Style Exposed Navel Strap Slim Long Sleeve Top,CJ,07398ADB-FC5E-4CC4-AD00-EB230E779E88,Blazers,Outerwear & Jackets,Blazers,false,false,true
750901,Women's Printed Round Neck Exposed Navel T-shirt,CJ,07398ADB-FC5E-4CC4-AD00-EB230E779E88,Blazers,Outerwear & Jackets,Blazers,false,false,true
751028,Short Exposed Navel Short-sleeved T-shirt For Women,CJ,07398ADB-FC5E-4CC4-AD00-EB230E779E88,Blazers,Outerwear & Jackets,Blazers,false,false,true
751098,Girls' Slim And Navel Exposed Short Sleeve Top,CJ,07398ADB-FC5E-4CC4-AD00-EB230E779E88,Blazers,Outerwear & Jackets,Blazers,false,false,true
756394,European And American Simple And Short Embroidered Short Sleeve Exposed Navel,CJ,07398ADB-FC5E-4CC4-AD00-EB230E779E88,Blazers,Outerwear & Jackets,Blazers,false,false,true
757422,Round Neck Slim Fit Waist Exposed Navel T-shirt,CJ,07398ADB-FC5E-4CC4-AD00-EB230E779E88,Blazers,Outerwear & Jackets,Blazers,false,false,true
757583,Women's Long-sleeved Turtleneck Exposed Navel Slimming,CJ,07398ADB-FC5E-4CC4-AD00-EB230E779E88,Blazers,Outerwear & Jackets,Blazers,false,false,true
758201,Slim And Ultra-short Exposed Navel Top,CJ,07398ADB-FC5E-4CC4-AD00-EB230E779E88,Blazers,Outerwear & Jackets,Blazers,false,false,true
758930,Pure Color Trendy Women's U-neck Long Sleeves Exposed Navel,CJ,07398ADB-FC5E-4CC4-AD00-EB230E779E88,Blazers,Outerwear & Jackets,Blazers,false,false,true
760373,Casual Luxury Gold Floral Butterfly Babydoll Top,CJ,07398ADB-FC5E-4CC4-AD00-EB230E779E88,Blazers,Outerwear & Jackets,Blazers,false,false,true
760478,Gentle Jacquard Button Babydoll Top,CJ,07398ADB-FC5E-4CC4-AD00-EB230E779E88,Blazers,Outerwear & Jackets,Blazers,false,false,true
760681,Casual Bohemian Watercolor Floral Babydoll Top,CJ,07398ADB-FC5E-4CC4-AD00-EB230E779E88,Blazers,Outerwear & Jackets,Blazers,false,false,true
777143,Top Women's Exposed Navel Lantern Sleeve Off-the-shoulder Collar,CJ,07398ADB-FC5E-4CC4-AD00-EB230E779E88,Blazers,Outerwear & Jackets,Blazers,false,false,true
778587,Hot Girl Exposed Navel Sexy Fishbone Tube Top Vest,CJ,07398ADB-FC5E-4CC4-AD00-EB230E779E88,Blazers,Outerwear & Jackets,Blazers,false,false,true
779013,Reverse Car V-neck Hooded T-shirt Fashion Simple Exposed Navel,CJ,07398ADB-FC5E-4CC4-AD00-EB230E779E88,Blazers,Outerwear & Jackets,Blazers,false,false,true
779197,Personality Fashion Hot Girl Short Navel Exposed,CJ,07398ADB-FC5E-4CC4-AD00-EB230E779E88,Blazers,Outerwear & Jackets,Blazers,false,false,true
785074,American Retro Hot Girl Exposed Navel Female,CJ,07398ADB-FC5E-4CC4-AD00-EB230E779E88,Blazers,Outerwear & Jackets,Blazers,false,false,true
785334,Hanging Neck Mesh Bound Garter Belt Jumpsuit,CJ,07398ADB-FC5E-4CC4-AD00-EB230E779E88,Blazers,Outerwear & Jackets,Blazers,false,false,true
785964,Slim Diamond Top With Exposed Navel,CJ,07398ADB-FC5E-4CC4-AD00-EB230E779E88,Blazers,Outerwear & Jackets,Blazers,false,false,true
786067,Red And Black Garter Belt Red Lace Body Sculpting,CJ,07398ADB-FC5E-4CC4-AD00-EB230E779E88,Blazers,Outerwear & Jackets,Blazers,false,false,true
787405,Women's new button decoration short-sleeved square collar exposed navel slim T-shirt,CJ,07398ADB-FC5E-4CC4-AD00-EB230E779E88,Blazers,Outerwear & Jackets,Blazers,false,false,true
795842,Home Wear Female Soft Warm Long Sleeve Exposed Navel Vest Shorts Set,CJ,07398ADB-FC5E-4CC4-AD00-EB230E779E88,Blazers,Outerwear & Jackets,Blazers,false,false,true
108844,White Western Aztec Print Patchwork Ruffled Tunic Long Sleeve Babydoll Top,CJ,5A3E7341-18B5-4C61-BFCD-8965B3479A9A,Blouses & Shirts,Tops & Sets,Blouses & Shirts,false,false,false
109103,Green Floral Print Puff Sleeve V Neck Babydoll Blouse,CJ,5A3E7341-18B5-4C61-BFCD-8965B3479A9A,Blouses & Shirts,Tops & Sets,Blouses & Shirts,false,false,false
110473,Amazon Cross-border Women's Heart-shaped Collar Short Sleeve T-shirt Women's Solid Color Slim Basic Fashion Exposed Navel,CJ,5A3E7341-18B5-4C61-BFCD-8965B3479A9A,Blouses & Shirts,Tops & Sets,Blouses & Shirts,false,false,false
110989,Babydoll Corduroy Shirt,CJ,5A3E7341-18B5-4C61-BFCD-8965B3479A9A,Blouses & Shirts,Tops & Sets,Blouses & Shirts,false,false,false
289420,"Anti-Chafing Men's Nipple Covers For Running, Cycling, And Endurance Or Long-Distance Sports, Waterproof And Sweatproof Adhesive, Large Anti-Friction Guard, 40 Pairs",CJ,E0238E88-0C63-427F-812E-BA1FCE4C67B4,Body Care,Skin Care,Body Care,false,false,false
290120,Vaginal Tightening Gel,CJ,E0238E88-0C63-427F-812E-BA1FCE4C67B4,Body Care,Skin Care,Body Care,false,false,false
292526,Female Vaginal Repair Capsules,CJ,E0238E88-0C63-427F-812E-BA1FCE4C67B4,Body Care,Skin Care,Body Care,false,false,false
344696,Leather Hand-studded Leg Loop Garter Belt,CJ,633E1860-7C63-4006-AB35-3FC16BECFA62,Body Jewelry,Fashion Jewelry,Body Jewelry,false,false,false
345756,European And American Bridal Lace Garter Belt Blue Pearl Garter Belt Sexy Elastic Leg Loop,CJ,633E1860-7C63-4006-AB35-3FC16BECFA62,Body Jewelry,Fashion Jewelry,Body Jewelry,false,false,false
346314,Heart Leggings Strap Garter Belt Fashion Chain Thigh Loop Leg Strap,CJ,633E1860-7C63-4006-AB35-3FC16BECFA62,Body Jewelry,Fashion Jewelry,Body Jewelry,false,false,false
346386,Lace Sexy Elastic Thigh Loop Garter Belt,CJ,633E1860-7C63-4006-AB35-3FC16BECFA62,Body Jewelry,Fashion Jewelry,Body Jewelry,false,false,false
346680,New Punk Style Trend  Love Hollow Garter Belt Fashion All-Match Leather Elastic Thigh Loop Leg Belt,CJ,633E1860-7C63-4006-AB35-3FC16BECFA62,Body Jewelry,Fashion Jewelry,Body Jewelry,false,false,false
346835,Thigh Ring Foot Ring Double Row Garter Belt,CJ,633E1860-7C63-4006-AB35-3FC16BECFA62,Body Jewelry,Fashion Jewelry,Body Jewelry,false,false,false
347071,Garter belt with small flowers bow,CJ,633E1860-7C63-4006-AB35-3FC16BECFA62,Body Jewelry,Fashion Jewelry,Body Jewelry,false,false,false
347808,Flamingo thin breathable disposable nipple stickers,CJ,633E1860-7C63-4006-AB35-3FC16BECFA62,Body Jewelry,Fashion Jewelry,Body Jewelry,false,false,false
752710,Natural Vaginal Skin Weathered Green Bodhi Root Bracelet,CJ,0615F8DB-C10F-4BEF-892B-1C5B04268938,Bracelets & Bangles,Fashion Jewelry,Bracelets & Bangles,false,false,false
544800,Men's Casual Sports Thick Bottom Enhancing Orgasm Shoes,CJ,F419006D-AE55-4691-93FC-52FEBB459DBA,Casual Shoes,Men's Shoes,Casual Shoes,false,false,false
1203600,Sports and leisure high-top shoes to increase orgasm shoes old shoes men,CJ,F419006D-AE55-4691-93FC-52FEBB459DBA,Casual Shoes,Men's Shoes,Casual Shoes,false,false,false
258253,Invisible Nipple Coverage Anti-exposure Silicone Nubra,CJ,A0E89009-FFD6-4B2E-906A-8076DF45B32C,Clothing & Wardrobe Storage,Home Storage,Clothing & Wardrobe Storage,false,false,false
228266,Sports 316 Vacuum Stainless Steel Threadless Vacuum Quickly Open Cup,CJ,CF330457-0E5B-4FAF-9BAE-7D2C247BD8DE,Drinkware,"Kitchen, Dining & Bar",Drinkware,false,false,false
216017,Mat ceiling sex swing,CJ,C329460A-9074-4E42-B1FD-D9E91568A64B,Event & Party Supplies,Festive & Party Supplies,Event & Party Supplies,false,false,false
202090,New Fashion Punk Thigh Garter Belt Suspender Leg Garter Belt Harajuku Style Elastic Leg Ring Sexy Garter Stockings,CJ,FD2629CD-9379-4EC4-BCF3-5998AEA3E642,Fabric,"Arts, Crafts & Sewing",Fabric,false,false,false
316485,Vaginal Gel Push Tube Medicine Supplying Device,CJ,AB11F624-D292-4A8E-9284-BD368B893A2C,Face Skin Care Tools,Beauty Tools,Face Skin Care Tools,false,false,false
794009,"Sex Pillow Couples Sex Toys, 27° Ergonomic Memory Foam Support Pillow, Contoured Lounger Cushion for Back & Lumbar Support, Multi-Functional Comfort Pillow Grey",CJ,2410301014451618100,Furniture,Home Storage,Furniture,false,true,false
794019,"Sex Pillow Couples Sex Toys, 27° Ergonomic Memory Foam Support Pillow, Contoured Lounger Cushion for Back & Lumbar Support, Multi-Functional Comfort Pillow (Grey)",CJ,2410301014451618100,Furniture,Home Storage,Furniture,false,true,false
794025,"Sex Pillow Couples Sex Toys, 27° Ergonomic Memory Foam Support Pillow, Contoured Lounger Cushion for Back & Lumbar Support, Multi-Functional Comfort Pillow( Green grey)",CJ,2410301014451618100,Furniture,Home Storage,Furniture,false,true,false
794026,"Sex Pillow Couples Sex Toys, 27° Ergonomic Memory Foam Support Pillow, Contoured Lounger Cushion for Back & Lumbar Support, Multi-Functional Comfort Pillow(Black)",CJ,2410301014451618100,Furniture,Home Storage,Furniture,false,true,false
794027,"Sex Pillow Couples Sex Toys, 27° Ergonomic Memory Foam Support Pillow, Contoured Lounger Cushion for Back & Lumbar Support, Multi-Functional Comfort Pillow(Grey)",CJ,2410301014451618100,Furniture,Home Storage,Furniture,false,true,false
794028,"Memory Foam Ergonomic Wedge PillSex Pillow Couples Sex Toys, 27° Ergonomic Memory Foam Support Pillow, Contoured Lounger Cushion for Back & Lumbar Support, Multi-Functional Comfort Pillow(Dark grey)",CJ,2410301014451618100,Furniture,Home Storage,Furniture,false,true,false
804026,"Bathroom Mirror Cabinet, Wall Mounted Storage Cabinet With Open Cupboard And Adjustable Shelf, White",CJ,2410301014451618100,Furniture,Home Storage,Furniture,false,false,false
838911,"Jumping Jack Compactor, 6.5 HP Vibratory Rammer Fuel-Powered 196 Cc Engine Tamper, 3600 Lbs Impact Force, 26"" Max Compaction Depth, For Soil, Gravel, Footings, Concrete Slabs, And Foundations",CJ,2410301014451618100,Furniture,Home Storage,Furniture,false,false,false
838937,"Jumping Jack Compactor, 6.5 HP Vibratory Rammer Fuel-Powered 196 Cc Engine Tamper, 3600 Lbs Impact Force, 26"" Max Compaction Depth, Four-Spring, For Soil, Gravel, Concrete Slabs, Foundations",CJ,2410301014451618100,Furniture,Home Storage,Furniture,false,false,false
589694,Children's Crotchless Dress-style Leotard,CJ,C421D769-76CC-4515-909E-4E7167EE6ABE,Girl Dresses,Girls Clothing,Girl Dresses,false,true,false
277478,Vaginal Health Support Fudge,CJ,2409190611101616600,Health Care Products,Food & Health,Health Care Products,false,false,false
277833,"Feminine Vaginal Probiotic Supports PH Balance, Odor Control And Yeast Balance 60 Vegan Capsules",CJ,2409190611101616600,Health Care Products,Food & Health,Health Care Products,false,false,false
278872,Factory Ready Stock Wholesale OEM ODM Custom Vaginal Vitamin Healthy Vaginal Flora Feminine Balance Gummies For Digestive And Immune Enhancement,CJ,2409190611101616600,Health Care Products,Food & Health,Health Care Products,false,false,false
279473,Popular Vaginal Capsule,CJ,2409190611101616600,Health Care Products,Food & Health,Health Care Products,false,false,false
279730,Vaginal Probiotics Women Ph Balance Pills Female Gut Health Prebiotics 60 Billion CFU Capsules Digestive Urinary Tract Support,CJ,2409190611101616600,Health Care Products,Food & Health,Health Care Products,false,false,false
280021,"Premium Feminine Balance Gummies, Hawaiian Pineapple Flavor, Supports PH Balance & Vaginal Health, 60 Gummies, 30 Servings",CJ,2409190611101616600,Health Care Products,Food & Health,Health Care Products,false,false,false
253941,Tile Tile Floor Tile High Power Vibrators,CJ,87CF251F-8D11-4DE0-A154-9694D9858EB3,Home Office Storage,Home Storage,Home Office Storage,false,false,false
254430,Breathable Invisible Black-tech Thin Nipple Covers,CJ,87CF251F-8D11-4DE0-A154-9694D9858EB3,Home Office Storage,Home Storage,Home Office Storage,false,false,false
257534,Vaginal Discharge Test Strips For Women,CJ,87CF251F-8D11-4DE0-A154-9694D9858EB3,Home Office Storage,Home Storage,Home Office Storage,false,false,false
1054544,"78.5CC Gas Engine 5,250 VPM, 1,920 Lbs Force Vibratory Compaction Tamper With 18.7 X 11.8 Inch Plate For Walkways, Patios, Asphalts, Paver Landscaping",CJ,87CF251F-8D11-4DE0-A154-9694D9858EB3,Home Office Storage,Home Storage,Home Office Storage,false,false,false
1064367,Tile Sticker Brick Machine High Power Vibrators Knit Bricks Together Tools,CJ,87CF251F-8D11-4DE0-A154-9694D9858EB3,Home Office Storage,Home Storage,Home Office Storage,false,false,false
1085441,Ladies Fashion Skinny Leather Garter Belt,CJ,87CF251F-8D11-4DE0-A154-9694D9858EB3,Home Office Storage,Home Storage,Home Office Storage,false,false,false
1096041,"Sex Toys For Man Realistic Massager Adjustable Massage Intensity, Ergonomic Design, Easy Cleaning - Male Masturbators",CJ,87CF251F-8D11-4DE0-A154-9694D9858EB3,Home Office Storage,Home Storage,Home Office Storage,false,true,false
1099190,For Woman G Spot Remote Control Vibrators 2 In 1 Wearable Panty,CJ,87CF251F-8D11-4DE0-A154-9694D9858EB3,Home Office Storage,Home Storage,Home Office Storage,false,false,false
1108798,Female Vaginal Douche Perineal Maternity Private Vaginal Delivery,CJ,87CF251F-8D11-4DE0-A154-9694D9858EB3,Home Office Storage,Home Storage,Home Office Storage,false,false,false
1134687,Customize OrgasMask,CJ,87CF251F-8D11-4DE0-A154-9694D9858EB3,Home Office Storage,Home Storage,Home Office Storage,false,false,false
1134772,Adjustable Nipple Coverage Breast Pad Beauty,CJ,87CF251F-8D11-4DE0-A154-9694D9858EB3,Home Office Storage,Home Storage,Home Office Storage,false,false,false
1138846,Ftshist Choke Mask Fetish Anime Decoration Crocodile,CJ,87CF251F-8D11-4DE0-A154-9694D9858EB3,Home Office Storage,Home Storage,Home Office Storage,false,true,false
1139156,Patent Leather PU Leather Garter Belt,CJ,87CF251F-8D11-4DE0-A154-9694D9858EB3,Home Office Storage,Home Storage,Home Office Storage,false,false,false
1141714,Nipple Coverage Nipple Stick Sequins Love Disposable,CJ,87CF251F-8D11-4DE0-A154-9694D9858EB3,Home Office Storage,Home Storage,Home Office Storage,false,false,false
1150860,Ceramic Peacock Ring Jewelry Plate Earring Display Stand,CJ,87CF251F-8D11-4DE0-A154-9694D9858EB3,Home Office Storage,Home Storage,Home Office Storage,false,false,false
1151668,"Kawaii garter belt, elastic garter belt",CJ,87CF251F-8D11-4DE0-A154-9694D9858EB3,Home Office Storage,Home Storage,Home Office Storage,false,false,false
1152399,Boric Acid Vaginal Suppositories With Probiotic Capsules,CJ,87CF251F-8D11-4DE0-A154-9694D9858EB3,Home Office Storage,Home Storage,Home Office Storage,false,false,false
1156533,Tight Rundan Gynecological Gel Women's Tight Private Parts Odor Itching Postpartum Vaginal Repair,CJ,87CF251F-8D11-4DE0-A154-9694D9858EB3,Home Office Storage,Home Storage,Home Office Storage,false,false,false
1170639,Invisible Nipple Covers With Inner Diameter Breast Stickers Box,CJ,87CF251F-8D11-4DE0-A154-9694D9858EB3,Home Office Storage,Home Storage,Home Office Storage,false,false,false
1171097,Silicone Nipple Sticker Cleaning Fluid Invisible,CJ,87CF251F-8D11-4DE0-A154-9694D9858EB3,Home Office Storage,Home Storage,Home Office Storage,false,false,false
1171574,Talent Men's Massage Essential Oil Sex Product Dropshipping Genuine Goods Guarantee,CJ,87CF251F-8D11-4DE0-A154-9694D9858EB3,Home Office Storage,Home Storage,Home Office Storage,false,true,false
1175174,Medical Dilator Disposable Sterile Vaginal Medium With Light,CJ,87CF251F-8D11-4DE0-A154-9694D9858EB3,Home Office Storage,Home Storage,Home Office Storage,false,false,false
1178916,Women Vaginal Repair Capsules,CJ,87CF251F-8D11-4DE0-A154-9694D9858EB3,Home Office Storage,Home Storage,Home Office Storage,false,false,false
1182366,Invisible Anti-exposure Nipple Coverage Breathable Solid State Silicone Chest Paste,CJ,87CF251F-8D11-4DE0-A154-9694D9858EB3,Home Office Storage,Home Storage,Home Office Storage,false,false,false
1183267,Punk Hip-hop Bow Metal Garter Belt,CJ,87CF251F-8D11-4DE0-A154-9694D9858EB3,Home Office Storage,Home Storage,Home Office Storage,false,false,false
1186903,Beautiful Punk Style Lace Leather Thigh Ring Rivet Garter Belt,CJ,87CF251F-8D11-4DE0-A154-9694D9858EB3,Home Office Storage,Home Storage,Home Office Storage,false,false,false
1187020,Moon Erotica Boxed Literary Handbook Sticker,CJ,87CF251F-8D11-4DE0-A154-9694D9858EB3,Home Office Storage,Home Storage,Home Office Storage,false,true,false
329259,Couples Valentines Keychain Thanks For All The Orgasms Keychain Key Ring Gift For Husband Wife,CJ,1363289906151034880,Keychains,Fashion Jewelry,Keychains,false,false,false
130288,Yarn-dyed Linen Whitening Age-reducing Eight-point Sleeve Babydoll Dress,CJ,D2432903-0D4E-4787-886F-D3D9DA7890D9,Lady Dresses,Tops & Sets,Lady Dresses,false,false,false
889812,Lace sexy panties thong panties,CJ,7D830BF3-03DB-4EBB-8A50-ED5F1231E17A,Man Shorts,Bottoms,Man Shorts,false,false,false
273684,"24 Pieces Of Short Coffin-shaped Nail Polish Powder French Pressing Style 3D Gemstone Studded Nail Art Stickers For Pure Erotic Fake Nails, Including 1 Piece Of Jelly Glue And 1 Nail. Nail Art Set",CJ,EADB666A-12A5-4FA1-AD1F-BC351A7E7AF5,Nail Art Kits,Nail Art & Tools,Nail Art Kits,false,true,false
3021,Electric 18 Lbs Vibratory Tumbler Vibratory Tumbler Bowl For Polishing Metal,CJ,D24CEB99-1ABB-4643-B0B6-33C60AF9B101,Other Maintenance Products,"Tools, Maintenance & Care",Other Maintenance Products,false,false,false
1044234,Electric 18 Lbs Vibratory Tumbler Vibratory Tumbler Bowl For Polishing Metal,CJ,CB255FA6-9B4C-4542-82CC-F774DE8F8C68,Other Replacement Parts,Auto Replacement Parts,Other Replacement Parts,false,false,false
171498,Pet Chicken Collar 2-pack Anti-cock Ringing No Hook Knot Neck Band Christmas Collar,CJ,2410110351521627800,Pet Necklaces,"Pet Collars, Harnesses & Accessories",Pet Necklaces,false,false,false
193772,Tatami Cushion Office Chair Winter Nipple Pad,CJ,6939DA08-F7F8-48FB-A7E8-169AEAC92404,Pillows,Home Textiles,Pillows,false,false,false
650125,Tile Floor Tile High Power Vibrators,CJ,9FC79C6B-AE70-472C-B8F8-D62479F0D03E,Power Tools,Tools,Power Tools,false,false,false
849994,Hip-hop Personality Vintage Peacock Ring,CJ,56B4F8B6-8600-4A18-913E-53F2F693EC2C,Rings,Fashion Jewelry,Rings,false,false,false
850224,Jewelry Domineering Red-eye Bibcock Ring Ring,CJ,56B4F8B6-8600-4A18-913E-53F2F693EC2C,Rings,Fashion Jewelry,Rings,false,false,false
853123,Semi-precious Stone Knitted Peacock Ring,CJ,56B4F8B6-8600-4A18-913E-53F2F693EC2C,Rings,Fashion Jewelry,Rings,false,false,false
857637,Fashion temperament peacock ring,CJ,56B4F8B6-8600-4A18-913E-53F2F693EC2C,Rings,Fashion Jewelry,Rings,false,false,false
859687,Retro Enamel Burnt Blue Silver-plated Peacock Ring,CJ,56B4F8B6-8600-4A18-913E-53F2F693EC2C,Rings,Fashion Jewelry,Rings,false,false,false
864759,Alluvial Gold Wing Peacock Ring Lady Temperament,CJ,56B4F8B6-8600-4A18-913E-53F2F693EC2C,Rings,Fashion Jewelry,Rings,false,false,false
867397,Sterling Silver Thai Peacock Ring,CJ,56B4F8B6-8600-4A18-913E-53F2F693EC2C,Rings,Fashion Jewelry,Rings,false,false,false
867757,Peacock Ring Women's Retro Exaggerated Open Phoenix Index Finger Ring,CJ,56B4F8B6-8600-4A18-913E-53F2F693EC2C,Rings,Fashion Jewelry,Rings,false,false,false
878643,Fashion Vintage Natural Gemstone Peacock Ring,CJ,56B4F8B6-8600-4A18-913E-53F2F693EC2C,Rings,Fashion Jewelry,Rings,false,false,false
885721,S999 Sterling Silver Cloisonne Peacock Ring For Women,CJ,56B4F8B6-8600-4A18-913E-53F2F693EC2C,Rings,Fashion Jewelry,Rings,false,false,false
151557,Women's PU Leather Skirt Fashion V Waist Exposed Navel,CJ,3B8946E7-B608-4DAB-B2F0-C425B7875035,Skirts,Bottoms,Skirts,false,false,false
892213,Mens Mesh Open-crotch Bodysuit With Gold Foil Accents Sexy,CJ,655B8008-6BB9-4AA1-8025-6206ACFF018A,Solid,T-Shirts,Solid,false,true,false
892227,Oily Glossy Silky-smooth Sheer Mens T-back Erotic Bodysuit,CJ,655B8008-6BB9-4AA1-8025-6206ACFF018A,Solid,T-Shirts,Solid,false,true,false
897140,Men's Disposable Chest Paste Nipple Coverage Anti-friction Invisible Nipple Stick,CJ,79F47CD1-F813-4B4D-8D21-2B35966FBA66,Sports Accessories,Sportswear,Sports Accessories,false,false,false
909602,Nipple Brace Pregnant And Lying-in Girls Invagination,CJ,79F47CD1-F813-4B4D-8D21-2B35966FBA66,Sports Accessories,Sportswear,Sports Accessories,false,false,false
915420,New Solid Color Letter Print Buckle Strap Navel Exposed Fashion Casual Jumpsuit For Women,CJ,79F47CD1-F813-4B4D-8D21-2B35966FBA66,Sports Accessories,Sportswear,Sports Accessories,false,false,false
916989,Stomach Band Vibratory Heating Massager,CJ,79F47CD1-F813-4B4D-8D21-2B35966FBA66,Sports Accessories,Sportswear,Sports Accessories,false,false,false
266361,316L Stainless Steel One-click Lid Quickly Open Cup Car Double Layer,CJ,C1394E10-1EDF-4107-AA93-F142B44C3136,Storage Bottles & Jars,Home Storage,Storage Bottles & Jars,false,false,false
993645,Slim Waistcoat With Exposed Navel,CJ,DE9C662C-3F48-4855-87E7-E18733EFF6D2,Sweaters,Tops & Sets,Sweaters,false,false,false
685526,"Sports, Leisure And Exercise Women's Low Waisted Flared Pants With Exposed Navel And Folded Waist Wide Leg Pants",CJ,A7DE167B-ECFF-481E-A52A-2E7937BFAA95,Wide Leg Pants,Bottoms,Wide Leg Pants,false,false,false
115896,Cotton Hooded Pullover Short Sweater Exposed Navel,CJ,5E656DFB-9BAE-44DD-A755-40AFA2E0E686,Woman Hoodies & Sweatshirts,Tops & Sets,Woman Hoodies & Sweatshirts,false,false,false
116332,Raglan Sleeve With Navel Exposed Round Neck Fitted T-shirt Top,CJ,5E656DFB-9BAE-44DD-A755-40AFA2E0E686,Woman Hoodies & Sweatshirts,Tops & Sets,Woman Hoodies & Sweatshirts,false,false,false
116917,Girl Navel Exposed Cat Ear Sweater,CJ,5E656DFB-9BAE-44DD-A755-40AFA2E0E686,Woman Hoodies & Sweatshirts,Tops & Sets,Woman Hoodies & Sweatshirts,false,false,false
82983,Half Soles Garter Belt Children's Summer,CJ,96EBD53A-C941-445C-BBBD-C1D9F858E433,Woman Socks,Accessories,Woman Socks,false,false,false
102187,Women's Printed Long Sleeved Wrapped Crop Top With Exposed Navel,CJ,2502190153531612600,Women's Long-Sleeved Shirts,Tops & Sets,Women's Long-Sleeved Shirts,false,false,false
1205967, Baby Summer Lightweight Casual Simple Short Sleeve Boy Cartoon Checkered Open Crotch Bib Pants Two-Piece Set,EPROLO,7A31FADF-137D-4C83-AD7B-BCF28CACDA94,Baby Clothing,"Toys, Kids & Babies",Mother & Kids > Baby Clothing,false,true,false
1206234,"North moon Men's Penis Enlargement Oil, Men's Body Care Massage Moisturizing Topical Essential Oil",EPROLO,EPROLO-L2-129,Health Care,"Health, Beauty & Hair",Beauty & Health > Health Care,false,false,false
1208433,European and American hot girls summer new solid color sleeveless hanging neck sexy palm short exposed navel women's vest,EPROLO,EPROLO-L2-161,Others,Fashion & Clothing,Fashion & Clothing > Others,true,false,false
1214176,Summer New Open Umbilical Short Bra T shirt Women Tight Strap Top,EPROLO,EPROLO-L2-161,Others,Fashion & Clothing,Fashion & Clothing > Others,true,false,false
1207554,Lace Trim Sexy Lingerie Set Women's Lace Mesh Bodysuit Sleepwear,EPROLO,EPROLO-L2-1236,Sex Product,Fashion & Clothing,Fashion & Clothing > Sex Product,false,false,true
1208683," Sexy Lingerie Set for WomenLace Bra and Panties, Fashionable Sleepwear and Underwear Sexy Nightwear Set",EPROLO,EPROLO-L2-1236,Sex Product,Fashion & Clothing,Fashion & Clothing > Sex Product,false,false,true
1210781,Heart Dream Finger Vibrator 8-Speed Vibration Female Finger Stimulation Intimate Massage Stimulator Adult Product ,EPROLO,EPROLO-L2-84,Sex Product,"Health, Beauty & Hair",Beauty & Health > Sex Product,false,true,true
1210783,Lelo Little Whale Rechargeable Wireless Remote Control Vibrator Hidden Wearable 10-Speed Vibration Toy,EPROLO,EPROLO-L2-84,Sex Product,"Health, Beauty & Hair",Beauty & Health > Sex Product,false,false,true
1211528,Purple Sexy Jumpsuit Transparent Pleated Strap Nightdress with Thong Lace Sheer Lingerie Set,EPROLO,EPROLO-L2-1236,Sex Product,Fashion & Clothing,Fashion & Clothing > Sex Product,false,false,true
1211531,Purple Erotic Lingerie Lace Transparent Belted Bodysuit Hollow Shapewear with Silk Stockings Set,EPROLO,EPROLO-L2-1236,Sex Product,Fashion & Clothing,Fashion & Clothing > Sex Product,false,true,true
1212087,Color blocking detachable two-piece sexy bra set embroidered splicing sexy lingerie for women,EPROLO,EPROLO-L2-1236,Sex Product,Fashion & Clothing,Fashion & Clothing > Sex Product,false,false,true
1212167,"Sexy  Style Red Lingerie Set with Mesh Splicing, Embroidered Floral Bra and Garter Belt",EPROLO,EPROLO-L2-1236,Sex Product,Fashion & Clothing,Fashion & Clothing > Sex Product,false,false,true
1212185,Sexy Lace Trimmed Three-Piece Hollow Out Temptation Lingerie Set,EPROLO,EPROLO-L2-1236,Sex Product,Fashion & Clothing,Fashion & Clothing > Sex Product,false,false,true
1212189, Sexy Lingerie Pink Printed Valentine's Day Strap Nightgown Uniform Temptation Thong Set,EPROLO,EPROLO-L2-1236,Sex Product,Fashion & Clothing,Fashion & Clothing > Sex Product,false,false,true
1212206,Heavy Embroidery Metal Buckle Strap Sexy Lingerie Set for Women Transparent Shaping Front Button Five-Piece Set,EPROLO,EPROLO-L2-1236,Sex Product,Fashion & Clothing,Fashion & Clothing > Sex Product,false,false,true
1214255,SM Erotic Fox Tail Anal Plug Metal Posterior Plug Adult Products Toys Artificial Tail Set Play,EPROLO,EPROLO-L2-84,Sex Product,"Health, Beauty & Hair",Beauty & Health > Sex Product,false,true,true
1214269,Adult Sex Toy Sex Strap Household Goods Door Window Sling Door Hanger,EPROLO,EPROLO-L2-84,Sex Product,"Health, Beauty & Hair",Beauty & Health > Sex Product,false,true,true
1214292,Sexy Colorful Embroidered Large Flowers With Steel Ring Bra Garter Belt Leggings Thong Erotic Underwear 4Pcs Set,EPROLO,EPROLO-L2-1236,Sex Product,Fashion & Clothing,Fashion & Clothing > Sex Product,false,true,true
1214767,Adult Products Charging Strong Shock Bullet AV Egg Jumping Female Vibration Backyard Masturbation Stick,EPROLO,EPROLO-L2-84,Sex Product,"Health, Beauty & Hair",Beauty & Health > Sex Product,false,true,true
1214778,Adult Products Charging Vibrating High Frequency Honey Bean Stick Female Masturbation Vibrating Tease Stick,EPROLO,EPROLO-L2-84,Sex Product,"Health, Beauty & Hair",Beauty & Health > Sex Product,false,true,true
1214946,Cupid Magic Finger Pulls Sucking Vibrator Sex Toys Female Masturbator Massage Stick 7-Frequency Vibration,EPROLO,EPROLO-L2-84,Sex Product,"Health, Beauty & Hair",Beauty & Health > Sex Product,false,true,true
1214950,Vibrating Egg Palamei Invisible Wearable Wireless Remote Control Vibration Vibrating Egg Female Masturbator Sex Toys,EPROLO,EPROLO-L2-84,Sex Product,"Health, Beauty & Hair",Beauty & Health > Sex Product,false,true,true
1214951,Magnetic Suction Charging 10 Frequency Vibration Vibrating Egg Double Head Sucking Vibrator Female Silicone Masturbation Device Adult Products,EPROLO,EPROLO-L2-84,Sex Product,"Health, Beauty & Hair",Beauty & Health > Sex Product,false,true,true
1214953,Female Sunflower Sucker Masturbation Pulse Sucking Vibrator Sucking Pussy Massage Orgasm Magnetic Suction Charging Sex Toys,EPROLO,EPROLO-L2-84,Sex Product,"Health, Beauty & Hair",Beauty & Health > Sex Product,false,true,true
1214958,Female Vaginal Sex Dumbbell Contraction Vaginal Dumbbell Ball Private Part Firming Exercise Female Adult Sex Toys,EPROLO,EPROLO-L2-84,Sex Product,"Health, Beauty & Hair",Beauty & Health > Sex Product,false,true,true
1215463,7 Speeds Tongue Vibrator Oral Licking Clitoris sucking G-spot Suction Sex Toys for Women Female Masturbation Nipple Massager ,EPROLO,EPROLO-L2-84,Sex Product,"Health, Beauty & Hair",Beauty & Health > Sex Product,false,true,true
1215598,Wholesale Sexy Lingerie Set with Garter Belt Hollow Out Push-Up Four-Piece Set for Women,EPROLO,EPROLO-L2-1236,Sex Product,Fashion & Clothing,Fashion & Clothing > Sex Product,false,false,true
1215603,Lace Embroidery Chain Suspenders Hollow Cross Sexy Lingerie Four-Piece Set,EPROLO,EPROLO-L2-1236,Sex Product,Fashion & Clothing,Fashion & Clothing > Sex Product,false,false,true
1215763,Mesh splicing mesh fabric hollow steel ring gathering sexy lingerie three piece set,EPROLO,EPROLO-L2-1236,Sex Product,Fashion & Clothing,Fashion & Clothing > Sex Product,false,false,true
1215764,Mesh see through transparent hollow sexy lingerie set,EPROLO,EPROLO-L2-1236,Sex Product,Fashion & Clothing,Fashion & Clothing > Sex Product,false,false,true
1215765,Leopard print mesh sexy lingerie gloves garter belt set,EPROLO,EPROLO-L2-1236,Sex Product,Fashion & Clothing,Fashion & Clothing > Sex Product,false,false,true
1215766,Breathable mesh see through sexy lingerie split set for women,EPROLO,EPROLO-L2-1236,Sex Product,Fashion & Clothing,Fashion & Clothing > Sex Product,false,false,true
1215768,Embroidered patchwork mesh sexy bra with contrasting color design sexy lingerie two-piece set,EPROLO,EPROLO-L2-1236,Sex Product,Fashion & Clothing,Fashion & Clothing > Sex Product,false,false,true
1215769,New lingerie six piece chain seductive and sexy restraint women's black erotic suit,EPROLO,EPROLO-L2-1236,Sex Product,Fashion & Clothing,Fashion & Clothing > Sex Product,false,true,true
1215770,Sexy lingerie three piece set see through mesh glitter chain fun suit with gloves,EPROLO,EPROLO-L2-1236,Sex Product,Fashion & Clothing,Fashion & Clothing > Sex Product,false,false,true
1215771,Women's embroidered flower gathering sexy lingerie uniform set,EPROLO,EPROLO-L2-1236,Sex Product,Fashion & Clothing,Fashion & Clothing > Sex Product,false,false,true
1215772,Color blocking perspective mesh sexy lingerie garter belt three piece set,EPROLO,EPROLO-L2-1236,Sex Product,Fashion & Clothing,Fashion & Clothing > Sex Product,false,false,true
1215836,Sexy Long Sleeve Nurse Costume Role Play Set Erotic Underwear Seductive Uniform Temptation,EPROLO,EPROLO-L2-1236,Sex Product,Fashion & Clothing,Fashion & Clothing > Sex Product,false,true,true
1215840,Sexy Mesh Transparent Lace Long Sleeve Long Nightgown Erotic Set for Women,EPROLO,EPROLO-L2-1236,Sex Product,Fashion & Clothing,Fashion & Clothing > Sex Product,false,true,true
1215845,Sexy Transparent Hollow Chain Three-Piece Bodysuit Erotic Set,EPROLO,EPROLO-L2-1236,Sex Product,Fashion & Clothing,Fashion & Clothing > Sex Product,false,true,true
1215846,Sexy Lingerie Set  Style Sheer Mesh Transparent Erotic Underwear Nurse Costume Seductive Role Play Suit,EPROLO,EPROLO-L2-1236,Sex Product,Fashion & Clothing,Fashion & Clothing > Sex Product,false,true,true
1215849,Sheer Mesh Sweet and Sexy Lingerie Temptation Set with Thong Underwear,EPROLO,EPROLO-L2-1236,Sex Product,Fashion & Clothing,Fashion & Clothing > Sex Product,false,false,true
1215851, Summer Thin Triangle Cup Smooth Lace Bra Wireless Small Chest Gathering Sexy Lingerie Set,EPROLO,EPROLO-L2-1236,Sex Product,Fashion & Clothing,Fashion & Clothing > Sex Product,false,false,true
1215883,"Bra Set with Anti-Nipple Design, Spliced Sheer Tempting Sexy Lingerie",EPROLO,EPROLO-L2-1236,Sex Product,Fashion & Clothing,Fashion & Clothing > Sex Product,false,false,true
1215884,Sexy Underwear Thin Breathable Leopard Print Embroidery Plus Size Panties Butt Lifting Low Waist Women's Erotic Underwear,EPROLO,EPROLO-L2-1236,Sex Product,Fashion & Clothing,Fashion & Clothing > Sex Product,false,true,true
1215887, Cross-border Sexy Set Transparent Temptation Black Lace Halter Nightdress Fishnet Stockings Garter Belt Erotic Underwear,EPROLO,EPROLO-L2-1236,Sex Product,Fashion & Clothing,Fashion & Clothing > Sex Product,false,true,true
1215891, Style Sexy Tassel Temptation Satin Splicing Mesh Bodycon Skirt with Gloves Separate Erotic Lingerie Set,EPROLO,EPROLO-L2-1236,Sex Product,Fashion & Clothing,Fashion & Clothing > Sex Product,false,true,true
1215892,Sexy Lingerie Women's French Ultra-thin Transparent Embroidered Lace Underwear with Cotton Crotch Low Waist Triangle Pants,EPROLO,EPROLO-L2-1236,Sex Product,Fashion & Clothing,Fashion & Clothing > Sex Product,false,false,true
1215894,Elegant Lace Transparent Uniform Jacket Bra Erotic Lingerie Three-Piece Set Robe,EPROLO,EPROLO-L2-1236,Sex Product,Fashion & Clothing,Fashion & Clothing > Sex Product,false,true,true
1215940,Leopard print bra set mesh printed underwear women's garter belt,EPROLO,EPROLO-L2-1236,Sex Product,Fashion & Clothing,Fashion & Clothing > Sex Product,false,false,true
1215944,Sexy lingerie corset women's bra set suitable for breathable straps and slim fit,EPROLO,EPROLO-L2-1236,Sex Product,Fashion & Clothing,Fashion & Clothing > Sex Product,false,false,true
1215954,Lace sexy bra erotic lingerie set solid color sexy mesh apron lingerie,EPROLO,EPROLO-L2-1236,Sex Product,Fashion & Clothing,Fashion & Clothing > Sex Product,false,true,true
1215959,Women's suspender floral split dress erotic lingerie,EPROLO,EPROLO-L2-1236,Sex Product,Fashion & Clothing,Fashion & Clothing > Sex Product,false,true,true
1215961,Mesh floral camisole dress sleepwear erotic lingerie sexy women's set,EPROLO,EPROLO-L2-1236,Sex Product,Fashion & Clothing,Fashion & Clothing > Sex Product,false,true,true
1215963,Sexy lingerie mesh seductive long sleeved bra sexy slimming set,EPROLO,EPROLO-L2-1236,Sex Product,Fashion & Clothing,Fashion & Clothing > Sex Product,false,false,true
1215966,Thin Embroidered Bra Set Mesh Flower Underwear Women's garter Belt,EPROLO,EPROLO-L2-1236,Sex Product,Fashion & Clothing,Fashion & Clothing > Sex Product,false,false,true
1215977,Floral Embroidery Heavy Work Crossed Complex Straps European and American New Original High-Quality Sexy Lingerie Set for Women,EPROLO,EPROLO-L2-1236,Sex Product,Fashion & Clothing,Fashion & Clothing > Sex Product,false,false,true
1215978,European and American Style Sheer Lace Thin Floral Embroidery Wavy Lace Trim Transparent Sexy Lingerie for Women,EPROLO,EPROLO-L2-1236,Sex Product,Fashion & Clothing,Fashion & Clothing > Sex Product,false,false,true
1215983,Color Block Splicing Mesh Tulle Fluffy Skirt with Pearl Bow Sexy Lingerie Four-Piece Set for Women,EPROLO,EPROLO-L2-1236,Sex Product,Fashion & Clothing,Fashion & Clothing > Sex Product,false,false,true
1215984,European and American Cross-border Student Costume Red Plaid Backless Slit Skirt Hem Girl's Erotic Underwear Three-piece Set,EPROLO,EPROLO-L2-1236,Sex Product,Fashion & Clothing,Fashion & Clothing > Sex Product,false,true,true
1215987,Lace Cross-Tie Women's Fashion White Erotic Lingerie Set Strap Sexy Three-Piece Suit,EPROLO,EPROLO-L2-1236,Sex Product,Fashion & Clothing,Fashion & Clothing > Sex Product,false,true,true
1215989,Black and White Embroidered Spliced Stretchy Strapless Jumpsuit European and American Women's Lingerie Sexy Underwear Can Be Worn Alone Open Crotch,EPROLO,EPROLO-L2-1236,Sex Product,Fashion & Clothing,Fashion & Clothing > Sex Product,false,true,true
1215992,Metal Heavywork Patchwork European and American Women's Mesh Sheer Sexy Lingerie Red Valentine's Day 5-Piece Set,EPROLO,EPROLO-L2-1236,Sex Product,Fashion & Clothing,Fashion & Clothing > Sex Product,false,false,true
1215996,Two piece set of shapewear straps with mesh edges and perspective lingerie,EPROLO,EPROLO-L2-1236,Sex Product,Fashion & Clothing,Fashion & Clothing > Sex Product,false,false,true
1216004,Steel ring gathering bra set mesh splicing embroidery lace sexy lingerie four piece set,EPROLO,EPROLO-L2-1236,Sex Product,Fashion & Clothing,Fashion & Clothing > Sex Product,false,false,true
1216008,Perspective embroidery sexy lingerie garter belt leg ring three piece set with steel ring,EPROLO,EPROLO-L2-1236,Sex Product,Fashion & Clothing,Fashion & Clothing > Sex Product,false,false,true
1216821,Summer sexy lingerie leopard print lace hot uniform passionate suit chest cotton seduction jumpsuit,EPROLO,EPROLO-L2-1236,Sex Product,Fashion & Clothing,Fashion & Clothing > Sex Product,false,false,true
1217010,New sexy lingerie women's red sexy lace nightgown suspender pajamas,EPROLO,EPROLO-L2-1236,Sex Product,Fashion & Clothing,Fashion & Clothing > Sex Product,false,false,true
1217012,New splicing strap hollow out sexy lingerie set,EPROLO,EPROLO-L2-1236,Sex Product,Fashion & Clothing,Fashion & Clothing > Sex Product,false,false,true
1217013,"Lace sexy lingerie set, perspective seductive, steel ring gathered, slim waist, camisole skirt for women",EPROLO,EPROLO-L2-1236,Sex Product,Fashion & Clothing,Fashion & Clothing > Sex Product,false,false,true
1217017,Strap lace hollow sexy slim fit spicy girl dress fashionable and sexy lingerie two-piece set,EPROLO,EPROLO-L2-1236,Sex Product,Fashion & Clothing,Fashion & Clothing > Sex Product,false,false,true
1217020,"Sexy lingerie, sexy women's suspender, mesh, see through long skirt, slit sleepwear, nightgown",EPROLO,EPROLO-L2-1236,Sex Product,Fashion & Clothing,Fashion & Clothing > Sex Product,false,false,true
1217021,Sexy and erotic sleepwear with lace perspective and seductive jumpsuit,EPROLO,EPROLO-L2-1236,Sex Product,Fashion & Clothing,Fashion & Clothing > Sex Product,false,true,true
1211184,Bandeau swimsuit push up buckle swimwear women High waist bikini 2019 Sports bathing suit Summer bathers Brazil micro bikini,EPROLO,EPROLO-L2-66,Sports Clothing,Sports & Outdoors,Sports & Outdoors > Sports Clothing,false,true,false
1214208,Mesh Skirt European and American Women Spring Summer Printed Open Umbilical Flare Sleeve Beach Skirt Set,EPROLO,EPROLO-L2-158,Suits & Sets,Fashion & Clothing,Fashion & Clothing > Suits & Sets,false,false,false
1214315,Erotic Lingerie Straps Princess Package Hip Net Skirt Sexy Hollow Long-Sleeved Net Clothing,EPROLO,EPROLO-L2-158,Suits & Sets,Fashion & Clothing,Fashion & Clothing > Suits & Sets,false,true,false
1214318,Plus Size Funny Lingerie Sexy Perspective Dress Lace Breast Leakage Perspective Adult Uniform Temptation Open Crotch Bodysuit,EPROLO,EPROLO-L2-158,Suits & Sets,Fashion & Clothing,Fashion & Clothing > Suits & Sets,false,true,false
1214320,High Grade Sexy Lingerie Women Sexy Pure Desire Mirror Finish Patent Leather Passion Short Skirt Seduction One-Piece Clothing,EPROLO,EPROLO-L2-158,Suits & Sets,Fashion & Clothing,Fashion & Clothing > Suits & Sets,false,false,false
1215869,Sexy Lingerie Set with Slit Dress - Short Length Two-Piece Women's Outfit,EPROLO,EPROLO-L2-158,Suits & Sets,Fashion & Clothing,Fashion & Clothing > Suits & Sets,false,false,false
1206971,Butterfly Lace Knit T-Back Vest Women  Sweet Short Sleeve Off-Shoulder Top Slim Fit Cropped Babydoll Shirt,EPROLO,C118B8EA-D1AF-4C66-AA8A-FCCC28B8C073,T-Shirts,Men's Clothing,Fashion & Clothing > T-Shirts,false,false,false
1208076,Orange Floral Print Frill Neck Tiered Babydoll Blouse,EPROLO,C118B8EA-D1AF-4C66-AA8A-FCCC28B8C073,T-Shirts,Men's Clothing,Fashion & Clothing > T-Shirts,false,false,false
1208844,Tailored drawstring hanging neck with exposed navel tank top,EPROLO,C118B8EA-D1AF-4C66-AA8A-FCCC28B8C073,T-Shirts,Men's Clothing,Fashion & Clothing > T-Shirts,false,false,false
1209421,New loose rainbow striped short sleeved T-shirt for female students with exposed navel top,EPROLO,C118B8EA-D1AF-4C66-AA8A-FCCC28B8C073,T-Shirts,Men's Clothing,Fashion & Clothing > T-Shirts,false,false,false
1210231,Exposed navel perspective strap mesh cardigan top for women,EPROLO,C118B8EA-D1AF-4C66-AA8A-FCCC28B8C073,T-Shirts,Men's Clothing,Fashion & Clothing > T-Shirts,false,false,false
1210232,Sexy navel exposed back splicing strap strapless female,EPROLO,C118B8EA-D1AF-4C66-AA8A-FCCC28B8C073,T-Shirts,Men's Clothing,Fashion & Clothing > T-Shirts,false,false,false
1210604,Cross print short sleeved shirt with exposed navel T-shirt for women,EPROLO,C118B8EA-D1AF-4C66-AA8A-FCCC28B8C073,T-Shirts,Men's Clothing,Fashion & Clothing > T-Shirts,false,false,false
1211385,Single breasted short crop top with exposed navel slim fit sleeveless top,EPROLO,C118B8EA-D1AF-4C66-AA8A-FCCC28B8C073,T-Shirts,Men's Clothing,Fashion & Clothing > T-Shirts,false,false,false
1211432,Sling slit square neck vest short crop top with exposed navel,EPROLO,C118B8EA-D1AF-4C66-AA8A-FCCC28B8C073,T-Shirts,Men's Clothing,Fashion & Clothing > T-Shirts,false,false,false
1211443,Square collar exposed navel short vest for women,EPROLO,C118B8EA-D1AF-4C66-AA8A-FCCC28B8C073,T-Shirts,Men's Clothing,Fashion & Clothing > T-Shirts,false,false,false
1212127,Letter embroidery contrasting color camisole women summer exposed navel sexy,EPROLO,C118B8EA-D1AF-4C66-AA8A-FCCC28B8C073,T-Shirts,Men's Clothing,Fashion & Clothing > T-Shirts,false,false,false
1212577,Retro polka dot sexy strapless and exposed navel versatile small vest for women,EPROLO,C118B8EA-D1AF-4C66-AA8A-FCCC28B8C073,T-Shirts,Men's Clothing,Fashion & Clothing > T-Shirts,false,false,false
1212818,"Hanging neck strap with exposed navel, slim and sexy small suspender",EPROLO,C118B8EA-D1AF-4C66-AA8A-FCCC28B8C073,T-Shirts,Men's Clothing,Fashion & Clothing > T-Shirts,false,false,false
1213104,Women's slim fit crop top with exposed navel,EPROLO,C118B8EA-D1AF-4C66-AA8A-FCCC28B8C073,T-Shirts,Men's Clothing,Fashion & Clothing > T-Shirts,false,false,false
1214207,Summer Women Gilded Tight Top with Open Umbilical One Shoulder Underlay T shirt Women,EPROLO,C118B8EA-D1AF-4C66-AA8A-FCCC28B8C073,T-Shirts,Men's Clothing,Fashion & Clothing > T-Shirts,false,false,false
1215112,Summer Complex Craftsmanship Cross-Strap Sexy Lingerie Women's One-Piece,EPROLO,EPROLO-L2-160,Unisex Accessories,Fashion & Clothing,Fashion & Clothing > Unisex Accessories,false,false,false
1215226,Floral Lace Bras for Women Sexy Lingerie Beauty Back Deep V Bralette Wire Free Thin Underwear Push Up Bra Female Brassiere,EPROLO,EPROLO-L2-160,Unisex Accessories,Fashion & Clothing,Fashion & Clothing > Unisex Accessories,false,false,false
1215242,3 Pcs/Set Women Panties G-String Underwear Fashion Thong Sexy Cotton Panties Ladies G-string Soft Lingerie Solid Low Rise Panty,EPROLO,EPROLO-L2-160,Unisex Accessories,Fashion & Clothing,Fashion & Clothing > Unisex Accessories,false,true,false
1215540, Plus Size Sexy Lingerie Lace Transparent Haltter Babydoll Women Underwear Female Erotic Lingerie Sexy Costume ,EPROLO,EPROLO-L2-160,Unisex Accessories,Fashion & Clothing,Fashion & Clothing > Unisex Accessories,false,true,false
1205995,Sexy Strapless Lace Spliced Cos Maid Costume Erotic Dress Seductive Set,EPROLO,EPROLO-L2-104,Unisex Dresses,Fashion & Clothing,Fashion & Clothing > Unisex Dresses,false,true,false
1206763,Style Printed Loose-Fit Open-Crotch High-Waisted Skirt Two-Piece Set,EPROLO,EPROLO-L2-104,Unisex Dresses,Fashion & Clothing,Fashion & Clothing > Unisex Dresses,false,true,false
1213088,"Dress Set with Exposed Navel, Tied Waist, Pleated Two-Piece Fashion Fitted Women's Dress",EPROLO,EPROLO-L2-104,Unisex Dresses,Fashion & Clothing,Fashion & Clothing > Unisex Dresses,false,false,false
1216183,European and American waist hollow design with exposed navel and hip hugging short skirt,EPROLO,EPROLO-L2-104,Unisex Dresses,Fashion & Clothing,Fashion & Clothing > Unisex Dresses,false,false,false
1216687,"Sexy lingerie perspective long skirt pajama set, sexy transparent lace backless nightgown",EPROLO,EPROLO-L2-104,Unisex Dresses,Fashion & Clothing,Fashion & Clothing > Unisex Dresses,false,false,false